MotorSpeed,Voltage,Current,Temperature,NumberOfStarts,RunTime,Vibration,Age,MotorLoad,FaultHistory,RUL
1474.84,453.99,4.32,40.92,24,1403.99,0.343,6343.29,54.22,0,76.17
1443.09,449.25,4.86,51.4,10,621.64,0.343,2389.45,96.48,0,3925.04
1482.38,440.6,4.21,55.86,8,1591.84,0.86,4703.95,37.18,0,1307.49
1526.15,433.53,4.69,78.88,21,1124.55,0.672,6750.81,61.33,0,0.0
1438.29,446.98,3.11,65.57,6,1310.17,0.45,5751.76,78.88,0,367.8
1438.29,443.93,5.21,46.65,21,1440.12,0.634,5016.64,64.55,1,1099.7
1528.96,448.95,5.0,64.86,39,1291.79,0.416,4326.34,94.32,0,1817.08
1488.37,446.35,4.18,44.53,24,966.84,0.522,5303.34,50.24,1,890.32
1426.53,450.5,5.66,70.83,33,1365.31,0.588,5865.87,57.09,0,131.7
1477.13,434.65,5.94,55.29,18,1076.38,0.416,4008.66,27.08,0,2230.21
1426.83,453.17,3.39,59.06,28,1327.15,0.363,5557.6,68.72,0,670.28
1426.71,441.98,4.24,73.26,32,1359.96,0.745,6617.65,43.06,1,0.0
1462.1,460.75,4.23,47.13,12,672.73,0.623,4666.28,32.82,0,1551.02
1354.34,433.11,4.06,46.03,48,1238.29,0.049,5102.18,63.56,0,1412.99
1363.75,457.36,5.83,54.16,42,945.43,0.366,5725.67,62.58,0,549.51
1421.89,441.98,4.81,70.38,27,1041.46,0.344,5827.0,26.07,0,297.29
1399.36,433.49,4.74,44.81,10,1038.13,0.376,6317.68,75.86,0,46.37
1465.71,435.16,3.0,31.68,46,1026.09,0.672,3478.44,69.9,0,2868.54
1404.6,436.8,5.64,55.49,42,1457.06,0.504,4206.62,35.12,0,1986.58
1379.38,444.24,3.76,65.52,32,590.07,0.222,4262.18,57.55,0,1971.61
1523.28,445.23,5.06,72.0,42,483.3,0.423,3644.13,77.63,0,2424.16
1438.71,434.26,5.28,55.37,26,420.01,0.608,2302.38,62.35,1,3739.76
1453.38,439.76,6.36,55.89,25,1320.74,0.456,118.28,51.64,1,5994.83
1378.76,461.42,3.69,71.54,11,767.97,0.371,6793.18,45.79,0,0.0
1422.78,457.28,1.98,41.3,23,1039.66,0.566,2669.16,68.83,0,3634.69
1455.55,444.36,5.18,56.11,34,965.58,0.824,7349.76,95.13,1,0.0
1392.45,440.38,6.8,61.9,40,734.09,0.592,6109.11,73.74,0,0.0
1468.78,441.2,6.24,64.49,23,1255.44,0.76,4391.47,25.98,0,1583.52
1419.97,446.14,5.21,54.9,29,961.76,0.384,5924.63,56.85,1,234.11
1435.42,429.77,4.51,60.34,31,928.68,0.498,5637.7,91.27,0,509.69
1419.91,437.43,5.81,35.12,7,1069.86,0.494,3347.34,27.56,0,3054.35
1542.61,423.31,4.03,53.42,40,1216.23,0.524,4977.53,99.11,1,1126.42
1449.33,443.99,5.48,64.54,33,712.31,0.588,3530.24,95.93,0,2530.36
1397.11,446.47,5.51,50.18,21,1261.88,0.316,5981.19,26.26,1,258.93
1491.13,435.17,6.06,60.59,2,1434.96,0.629,3927.17,94.67,1,2052.2
1388.96,455.74,7.76,64.47,18,572.16,0.174,4855.06,49.05,2,1213.05
1460.44,427.74,5.39,56.57,47,1083.49,0.233,4790.3,87.58,0,1527.53
1352.02,425.36,4.49,61.7,33,908.52,0.927,5182.37,53.47,0,737.02
1383.59,442.24,4.97,50.37,37,1209.77,0.398,7493.83,55.27,0,0.0
1459.84,450.47,3.23,57.93,34,635.0,0.646,4638.56,70.74,0,1459.15
1486.92,456.84,4.31,66.1,20,1488.68,0.84,6826.89,81.96,0,0.0
1458.57,435.41,4.59,61.57,35,517.63,0.037,5720.0,22.7,0,645.75
1444.22,450.79,4.48,54.13,18,926.72,0.725,7127.6,67.45,0,0.0
1434.94,439.61,5.15,62.24,46,1130.29,0.63,4492.35,34.94,0,1570.34
1376.07,438.27,4.18,67.15,24,794.1,0.828,6044.2,47.68,0,0.0
1414.01,448.84,6.12,39.5,8,746.98,0.264,4911.1,47.84,1,1462.05
1426.97,446.52,5.0,71.59,30,1066.67,0.79,515.91,57.52,1,5273.06
1502.86,424.24,4.99,56.64,44,1023.33,0.352,3365.23,46.73,2,2692.33
1467.18,454.77,4.67,64.25,10,1001.78,0.711,5873.57,28.59,0,128.41
1361.85,453.8,5.16,71.97,23,1257.61,0.493,5774.4,31.65,2,59.48
1466.2,433.74,5.83,46.28,49,881.66,0.654,3057.53,22.68,1,3052.56
1430.75,443.96,4.13,52.91,11,1095.88,0.51,5330.55,57.62,0,885.51
1416.15,444.94,4.34,57.11,2,848.02,0.132,5754.89,96.36,0,607.9
1480.58,442.61,4.7,52.16,26,745.2,0.0,4948.0,29.25,0,1530.37
1501.55,434.5,3.65,77.35,36,914.57,0.542,6093.23,95.7,0,0.0
1496.56,433.28,4.18,51.43,33,850.37,0.447,5888.83,78.67,0,373.22
1408.04,439.74,4.52,54.44,47,865.36,0.58,4947.28,71.0,0,1218.45
1434.54,451.73,5.87,62.04,13,1349.6,0.45,4233.76,71.62,1,1821.01
1466.56,445.44,5.26,47.98,40,923.77,0.904,6563.81,86.14,0,0.0
1498.78,436.29,5.19,56.04,25,801.13,0.546,5694.74,28.55,0,471.77
1426.04,447.72,5.85,63.17,4,1008.42,0.411,2927.85,60.38,1,3135.1
1440.72,411.51,4.86,56.67,42,1031.27,0.567,5331.35,75.77,0,818.2
1394.68,451.49,5.39,59.07,19,643.94,0.414,3273.46,66.95,2,2728.74
1390.19,422.6,4.9,54.71,18,910.48,0.519,3553.15,86.62,0,2640.49
1490.63,436.38,5.27,44.86,37,898.39,0.257,4022.13,25.78,2,2201.06
1517.81,428.8,4.42,63.22,30,948.36,0.498,5067.31,75.26,0,1051.39
1446.4,427.05,2.56,77.55,19,1217.66,0.404,5561.73,62.72,0,460.56
1500.18,451.61,4.87,60.18,23,1041.0,0.275,4386.59,50.33,0,1873.85
1468.08,435.32,6.42,62.25,16,1368.38,0.895,4452.23,47.22,1,1377.67
1417.74,443.47,5.93,66.93,1,996.5,0.283,4245.13,69.67,1,1843.97
1468.07,439.53,5.97,47.31,12,1532.83,0.501,6571.27,91.28,0,0.0
1526.9,444.77,6.24,77.03,24,861.77,0.339,720.58,59.69,2,5139.44
1448.21,440.77,5.09,62.02,34,769.13,0.559,4536.98,85.98,0,1563.08
1528.23,427.17,5.2,76.32,8,1164.19,0.245,7317.48,52.17,0,0.0
1319.01,449.96,4.38,52.67,18,1409.22,0.668,5775.85,28.19,1,263.42
1491.1,435.06,4.68,78.18,48,586.36,0.907,6900.27,24.92,0,0.0
1454.35,424.43,5.62,67.75,5,940.9,0.332,1948.63,24.11,0,4207.81
1435.05,435.72,6.2,65.53,26,816.77,0.743,3136.63,50.41,2,2636.37
1454.59,455.01,4.86,62.34,30,1042.86,0.424,5771.07,46.98,2,193.71
1350.62,448.5,4.55,57.51,13,1003.01,0.801,7325.95,77.43,2,0.0
1439.02,436.51,5.0,72.01,19,1403.61,0.938,3288.15,79.43,2,2322.95
1467.86,436.51,5.6,61.4,29,967.48,0.453,4418.36,24.07,0,1740.98
1523.89,436.78,3.56,40.33,3,1412.44,0.196,5602.2,37.69,1,796.54
1424.09,460.77,2.7,48.83,26,905.47,0.69,2821.25,41.94,0,3345.66
1409.58,443.82,4.45,58.14,40,1277.94,0.545,5782.54,63.81,2,163.61
1424.91,444.3,3.78,63.1,12,1068.6,0.6,986.47,31.56,0,5082.35
1495.77,450.3,4.49,59.43,2,1518.97,0.432,5738.36,30.72,0,451.28
1466.44,442.39,4.85,72.19,11,556.9,0.323,3507.37,95.5,0,2609.18
1423.51,437.41,4.55,40.49,44,650.84,0.732,4328.6,84.34,0,1900.47
1475.66,438.04,6.45,61.44,28,1549.49,0.564,5977.83,34.45,0,125.84
1454.85,439.28,5.33,41.82,18,780.02,0.211,5670.88,52.53,1,705.28
1498.43,439.63,5.3,67.6,13,799.06,0.637,4988.03,48.45,1,917.31
1414.9,447.28,5.62,59.06,37,737.28,0.597,6453.56,83.28,0,0.0
1433.62,440.52,3.86,64.2,22,1344.53,0.435,2449.74,60.82,1,3590.83
1430.39,447.33,6.04,51.36,12,623.96,0.824,5306.62,30.23,0,767.79
1376.82,439.19,4.92,72.79,2,1006.74,0.376,3814.74,79.12,0,2269.13
1464.81,440.79,5.67,70.42,37,920.31,0.466,6377.05,51.75,0,0.0
1463.05,420.02,3.93,65.84,7,1310.95,0.654,6030.6,41.03,1,0.0
1450.26,449.16,3.45,58.7,26,830.9,0.515,6085.02,50.04,1,0.0
1438.27,443.46,5.82,65.8,26,1124.58,0.223,7468.07,59.82,0,0.0
1379.23,449.98,5.38,52.93,24,648.64,0.537,6689.52,47.45,0,0.0
1428.97,411.04,4.1,68.56,12,1682.18,0.417,4763.87,39.35,0,1342.02
1432.86,460.88,4.13,76.49,16,928.12,0.671,4998.1,51.88,0,901.25
1409.89,438.6,6.13,70.71,23,1002.63,0.53,5901.41,21.53,0,126.41
1441.94,451.08,3.81,52.7,40,1496.43,0.519,5204.26,81.8,0,1009.25
1470.2,429.6,6.64,63.61,9,824.0,0.29,6057.76,33.68,0,160.92
1544.31,446.13,4.1,47.07,32,1500.21,0.454,1654.52,23.51,2,4447.8
1458.73,429.47,5.64,65.72,15,876.56,0.694,7821.21,72.3,0,0.0
1462.88,433.76,4.67,64.51,37,1201.51,0.345,5091.54,81.91,0,1091.05
1446.28,459.14,5.6,41.3,13,828.2,0.493,2566.3,85.11,0,3773.93
1354.06,438.09,4.46,48.38,5,593.19,0.313,3629.31,59.48,1,2630.51
1448.67,442.17,4.84,57.17,11,1124.38,0.263,1806.01,36.43,1,4390.69
1453.01,448.7,5.04,56.99,10,1191.97,0.483,3364.65,78.98,1,2723.92
1573.16,444.96,4.0,47.91,13,605.23,0.535,4786.63,75.98,0,1466.94
1440.38,441.5,5.74,63.89,41,907.88,0.899,7272.07,39.7,1,0.0
1465.08,443.65,4.49,62.51,46,1360.23,0.409,5616.01,92.27,0,554.39
1448.26,464.03,4.77,58.06,15,1180.04,0.49,5349.29,28.35,0,825.15
1391.57,439.42,4.01,52.44,42,881.44,0.25,3297.34,98.62,0,3053.24
1507.14,442.01,2.44,70.49,7,820.74,0.622,3763.27,88.82,0,2220.63
1487.6,450.51,4.81,76.55,40,1584.47,0.58,3879.61,75.03,2,1865.04
1489.55,451.06,7.41,55.16,28,565.92,0.798,3940.81,95.1,1,2008.71
1404.53,451.87,5.78,53.88,32,982.24,0.722,4472.69,77.78,0,1627.36
1520.14,446.39,4.98,64.91,35,560.59,0.57,4585.98,35.24,0,1479.76
1379.91,428.57,4.74,56.42,15,1394.44,0.406,4491.38,55.37,0,1741.43
1479.34,456.33,5.02,58.61,48,997.86,0.541,3993.01,25.72,0,2150.46
1559.52,428.54,5.55,67.4,36,1053.45,0.478,5202.58,51.17,0,884.56
1400.47,443.03,3.82,40.91,21,1830.67,0.691,4528.38,79.33,2,1517.22
1421.69,432.46,6.11,73.18,6,821.96,0.665,2606.65,50.92,2,3128.9
1454.98,439.36,5.72,60.73,1,1524.57,0.441,5051.57,46.42,0,1120.8
1424.83,443.29,5.72,55.89,4,882.78,0.208,4824.85,67.63,1,1412.49
1372.47,443.21,5.44,59.11,11,929.95,0.767,2630.56,89.78,0,3395.03
1453.43,444.22,5.02,59.62,44,1791.45,0.616,4113.05,23.81,0,1982.52
1396.88,456.14,5.67,42.69,26,951.67,0.436,5895.61,50.84,0,459.46
1473.68,444.54,5.59,74.95,37,587.69,0.609,3295.33,32.66,0,2650.89
1404.03,437.56,4.65,60.41,23,1084.58,0.515,3136.73,75.63,1,2901.65
1527.5,449.64,4.43,64.43,29,948.18,0.764,4512.67,28.46,0,1461.16
1410.84,451.89,5.1,69.52,21,1110.13,0.114,5934.4,73.18,0,313.42
1433.9,427.72,6.55,49.79,48,959.92,0.421,7715.49,42.89,0,0.0
1490.68,445.97,3.76,64.73,45,1664.66,0.82,5988.4,35.91,2,0.0
1388.46,447.01,3.53,57.32,45,1167.02,0.613,6627.24,94.91,0,0.0
1461.37,437.02,5.16,68.47,49,677.51,0.855,5520.05,21.48,1,268.02
1515.36,453.76,5.05,38.73,27,1037.36,0.256,3972.33,55.02,1,2412.58
1369.63,438.5,5.17,59.01,39,760.11,0.714,5977.57,21.73,0,75.12
1459.23,441.26,5.24,53.97,40,925.69,0.702,4871.59,58.69,0,1237.47
1462.99,438.27,4.78,64.32,13,726.87,0.164,5565.55,60.08,1,609.4
1489.09,440.16,6.49,64.7,23,1632.14,0.441,3580.96,45.73,0,2551.59
1388.15,429.04,3.4,52.92,16,792.58,0.479,5699.67,30.57,2,331.75
1383.98,425.6,4.17,52.88,30,1206.27,0.176,4819.24,50.11,0,1563.94
1476.1,455.95,4.9,58.89,4,902.96,0.445,5346.89,73.78,0,841.64
1464.85,431.53,3.36,51.03,40,652.48,0.675,4872.39,82.59,1,1179.96
1462.52,430.09,4.82,68.42,16,1059.29,0.422,4584.2,62.46,1,1420.7
1467.32,418.47,6.66,56.31,31,1120.21,0.548,5727.04,67.19,2,235.67
1416.0,433.61,5.02,30.93,42,1167.59,0.55,4390.86,36.05,0,2024.9
1461.61,426.77,5.23,56.25,25,213.33,0.498,2616.97,42.99,2,3371.73
1464.65,456.42,3.74,49.61,44,629.55,0.359,2189.04,32.95,1,4035.33
1414.28,450.1,4.38,43.69,12,1287.27,0.632,5276.62,39.94,1,870.62
1543.29,433.12,4.62,47.63,26,722.92,0.183,4329.17,37.99,0,2103.27
1473.69,462.52,4.68,61.09,37,1060.88,0.502,2406.35,61.56,0,3731.85
1390.43,449.82,6.28,73.29,48,622.59,0.777,5159.8,65.02,2,518.78
1482.83,436.75,5.56,63.13,33,1219.48,0.411,4859.19,95.6,0,1304.23
1401.27,415.01,3.89,53.93,28,1279.38,0.355,4250.58,35.65,0,2032.8
1489.35,462.91,5.25,64.56,9,1219.57,0.645,5370.21,71.33,0,661.64
1507.93,426.1,5.5,55.41,12,1309.77,0.533,6972.64,85.38,0,0.0
1408.97,423.55,6.14,53.05,5,1469.17,0.649,6926.89,64.82,0,0.0
1498.17,450.23,6.58,48.46,28,647.78,0.508,5215.65,40.4,0,1045.94
1470.64,464.4,3.98,42.48,35,763.4,0.022,4872.93,41.0,1,1591.08
1491.1,453.84,4.19,56.1,5,1269.26,0.736,5236.6,23.14,0,834.4
1544.84,445.64,3.74,61.58,34,1339.07,0.914,5463.51,44.44,0,463.68
1437.73,445.95,4.77,59.03,46,797.7,0.757,4597.55,79.57,0,1433.71
1412.31,448.53,5.47,55.84,34,776.83,0.0,5261.81,23.8,0,1179.78
1405.52,447.59,5.99,50.54,13,804.34,0.59,2639.56,37.54,0,3559.91
1409.21,442.81,4.92,66.08,39,518.47,0.407,5122.02,76.5,1,913.83
1446.14,441.04,4.68,46.83,42,618.58,0.283,5715.22,82.61,0,674.92
1467.06,439.37,5.15,67.76,45,625.81,0.525,4265.24,56.43,2,1594.89
1463.83,432.46,4.16,49.98,48,911.77,0.47,4856.79,75.85,0,1408.33
1491.36,437.19,7.09,52.48,14,1081.25,0.602,3332.74,51.04,0,2841.64
1450.65,423.07,3.39,45.33,11,1130.04,0.511,3124.53,32.79,0,3166.49
1522.68,439.02,5.18,54.99,42,847.43,0.276,5316.22,51.85,0,996.0
1436.77,430.11,7.02,69.75,38,854.8,0.385,3905.66,66.4,1,2104.47
1586.01,428.96,5.01,65.16,4,1037.1,0.352,2334.76,95.84,1,3737.47
1481.28,441.8,4.81,69.78,33,551.2,0.157,3332.33,25.5,0,2891.47
1407.14,453.92,4.64,65.22,7,1287.83,0.226,3550.43,60.59,0,2684.52
1396.46,449.18,4.82,48.96,41,1385.62,0.458,6161.87,46.31,0,119.6
1474.12,424.29,6.37,56.69,8,812.33,0.785,5268.67,60.66,0,772.03
1438.83,430.1,2.79,52.2,37,880.47,0.393,3692.6,21.92,2,2388.98
1485.7,449.41,6.53,73.31,10,1372.99,0.349,4118.35,45.04,0,1974.33
1473.66,430.18,3.58,48.03,43,963.08,0.264,6968.13,85.59,1,0.0
1446.36,437.75,4.73,68.94,15,1176.47,0.506,6404.15,64.32,0,0.0
1407.66,445.5,4.57,68.93,38,972.31,0.736,3322.91,56.05,0,2619.87
1374.26,430.32,5.59,78.3,15,1466.89,0.901,6745.29,42.84,0,0.0
1427.67,441.05,3.4,55.9,5,1147.02,0.557,4879.06,43.84,0,1283.37
1492.82,426.66,5.46,67.12,29,1164.3,0.528,6199.42,50.65,1,0.0
1460.7,433.99,7.02,82.82,19,1169.89,0.391,4755.04,86.85,0,1221.14
1387.71,443.2,3.64,53.82,10,833.47,0.425,6778.74,97.38,1,0.0
1458.66,424.07,5.19,44.65,12,861.03,0.626,3260.57,55.09,0,2980.02
1469.27,444.4,4.34,41.2,4,1230.77,0.437,4616.82,51.47,2,1552.66
1405.81,439.8,5.43,67.13,31,1037.92,0.468,6824.69,87.72,0,0.0
1457.69,445.52,5.02,41.17,18,646.72,0.495,1411.09,54.15,1,4829.76
1452.91,442.24,4.36,56.28,16,1561.93,0.382,4930.91,64.16,1,1215.41
1392.85,453.64,5.49,64.37,40,1293.42,0.485,4409.68,38.48,2,1504.09
1467.89,441.25,6.8,61.85,36,1011.29,0.096,6026.99,79.48,0,306.43
1478.04,435.71,4.81,64.25,25,917.95,0.61,6604.87,62.56,1,0.0
1504.15,441.22,5.72,62.22,23,1059.6,0.97,6095.43,84.72,0,0.0
1502.69,445.43,3.71,72.79,12,1155.26,0.39,5361.5,82.46,0,715.82
1381.12,440.49,4.04,50.48,34,390.1,0.575,5060.85,37.2,0,1147.0
1403.11,440.41,5.47,53.23,36,1633.7,0.67,4485.93,77.25,0,1646.61
1475.75,432.98,6.48,52.27,37,763.03,0.756,5314.96,84.0,2,584.29
1475.69,433.37,5.36,68.3,3,999.43,0.447,7189.48,47.69,0,0.0
1475.75,425.97,4.69,69.0,9,1010.46,0.139,3754.23,33.81,0,2486.06
1642.64,457.5,5.0,64.51,18,1599.06,0.553,4396.88,20.21,0,1681.28
1478.54,427.56,3.75,71.83,43,973.56,0.526,4886.74,56.07,0,1132.05
1506.78,433.07,5.6,48.22,35,1476.55,0.431,6501.4,48.19,0,0.0
1497.7,432.82,5.88,76.67,34,1122.02,0.473,5334.95,64.39,0,661.68
1482.57,448.95,4.55,75.23,41,711.43,0.529,6475.22,35.04,0,0.0
1434.24,437.05,4.53,67.36,14,1040.41,0.572,6551.16,88.77,0,0.0
1487.95,452.48,5.27,77.82,4,964.45,0.564,5888.06,40.62,2,0.0
1411.36,433.27,4.56,43.43,29,674.78,0.456,3404.01,38.11,1,2833.42
1438.16,442.79,4.93,54.76,41,1107.32,0.577,7491.64,58.46,2,0.0
1425.73,431.65,7.1,52.65,45,1006.63,0.443,7118.57,59.91,0,0.0
1454.09,461.45,4.75,67.21,15,1166.93,0.628,5095.31,37.21,0,918.34
1565.73,428.12,4.64,49.5,28,1058.01,0.375,2927.34,41.75,0,3390.41
1356.64,443.1,4.35,67.57,42,804.67,0.515,2659.25,33.58,0,3407.69
1484.31,446.34,5.74,73.71,16,1230.5,0.175,5381.47,77.48,0,793.85
1369.36,444.14,4.82,66.95,12,812.68,0.426,3947.37,81.61,0,2170.1
1426.4,438.15,4.35,62.84,5,70.1,0.613,2424.22,56.99,0,3640.66
1504.45,438.7,6.32,50.12,34,1038.6,0.293,2630.95,77.13,0,3721.21
1453.21,440.44,6.42,51.53,42,833.78,0.436,4295.03,78.87,1,1871.67
1396.11,438.53,4.4,72.5,1,1114.64,0.019,5292.39,31.06,0,973.15
1414.23,449.64,3.13,67.79,39,1599.66,0.226,7108.57,97.29,0,0.0
1483.98,462.11,6.01,59.61,32,1608.32,0.279,5726.33,85.68,0,538.22
1413.48,434.43,4.32,55.82,26,950.46,0.52,4427.89,36.36,0,1753.72
1460.82,426.3,5.79,39.74,17,752.05,0.567,5569.92,34.89,0,749.32
1452.28,439.12,3.03,49.29,48,1175.4,0.489,5435.85,30.05,0,826.84
1417.42,465.8,5.89,79.11,27,888.93,0.423,6109.32,31.07,0,0.0
1557.2,431.96,3.79,47.2,24,1117.53,0.424,4940.09,79.85,1,1275.87
1481.7,456.39,5.73,61.89,35,801.74,0.643,6554.3,57.57,1,0.0
1348.74,456.78,5.01,70.07,46,1075.21,0.543,6236.68,82.63,0,0.0
1459.32,434.46,4.05,47.45,42,756.41,0.433,5124.05,79.7,0,1184.84
1416.91,445.69,4.59,61.85,39,1355.28,0.759,4821.16,68.37,0,1181.04
1492.62,456.28,5.69,69.38,26,823.01,0.89,6379.62,74.91,1,0.0
1410.37,436.21,5.11,60.12,49,1198.33,0.251,3929.79,21.47,0,2343.54
1444.26,437.96,5.58,88.68,38,620.57,0.605,2740.08,44.94,0,3070.83
1475.25,434.18,6.98,43.31,23,1234.35,1.118,2731.55,71.03,0,3276.32
1493.29,429.85,3.44,70.59,22,710.08,0.556,3805.44,20.75,0,2210.67
1389.99,433.51,6.62,58.27,4,1078.35,0.523,5989.48,22.64,1,66.26
1433.27,427.76,5.1,67.72,49,1306.96,0.489,4365.8,88.15,0,1712.58
1426.25,440.34,4.1,64.41,9,940.01,0.598,5306.77,74.72,0,750.08
1417.33,432.3,3.67,52.67,4,691.25,0.651,4257.06,41.23,0,1890.77
1538.27,442.34,4.81,62.29,7,1149.04,0.251,4268.96,75.04,0,1982.61
1470.25,424.44,5.92,41.42,23,747.71,0.495,3461.8,83.4,1,2776.63
1386.96,443.31,4.87,66.03,2,878.73,0.046,4862.16,44.54,1,1354.47
1495.89,448.34,6.51,62.98,49,1079.64,0.458,4737.25,22.88,0,1403.86
1556.11,420.06,3.55,66.39,24,1408.2,0.319,5619.0,94.62,0,557.41
1501.62,443.74,4.99,70.58,40,1007.97,0.568,5431.55,47.61,0,578.72
1374.03,452.28,3.75,63.68,31,1006.86,0.169,4704.28,28.52,0,1574.6
1425.79,427.9,5.36,61.48,47,1221.25,0.398,2740.87,59.35,0,3445.56
1513.35,456.73,5.89,51.19,31,1015.11,0.693,6605.87,81.48,0,0.0
1414.62,444.19,4.58,52.88,47,1190.66,0.365,4872.43,37.73,0,1416.42
1472.19,432.95,2.4,71.87,40,1323.56,0.119,5119.46,41.56,0,1102.36
1488.73,439.44,5.2,74.36,48,901.68,0.552,7400.74,39.42,0,0.0
1403.65,445.58,5.44,57.62,43,17.5,0.383,6362.33,99.33,1,0.0
1447.02,440.76,5.4,60.46,34,754.62,0.463,5669.67,35.79,0,494.31
1287.94,445.39,6.24,50.95,24,1362.6,0.354,4996.54,66.04,1,1216.91
1398.78,430.79,3.93,71.73,49,989.87,0.895,4982.53,94.02,0,852.75
1437.37,441.69,5.68,66.65,26,898.26,0.188,5360.17,31.75,0,879.09
1387.61,425.86,6.19,79.41,16,1350.04,1.067,5610.36,97.67,1,0.0
1531.62,438.89,3.22,51.22,47,969.6,0.422,7567.1,95.8,0,0.0
1378.49,430.96,5.32,56.22,13,372.24,0.537,8709.9,90.77,1,0.0
1428.0,432.64,4.5,62.31,15,548.41,0.385,5435.39,37.16,0,748.94
1456.54,452.36,4.92,66.46,27,1125.59,0.377,1770.09,70.72,0,4376.93
1522.06,450.91,5.35,57.84,4,979.93,0.343,3572.38,80.87,0,2677.67
1378.21,446.09,4.51,51.27,16,1436.4,0.62,7717.25,98.88,0,0.0
1508.16,429.08,4.32,68.81,30,780.02,0.218,6077.98,34.43,0,124.96
1450.51,436.84,5.03,67.21,44,907.15,0.573,5639.07,81.28,0,402.41
1400.92,452.13,3.91,50.84,30,734.65,0.063,4749.74,47.1,0,1710.33
1473.11,441.42,3.91,73.55,36,843.82,0.555,3216.47,34.05,0,2770.64
1459.95,463.19,5.68,71.7,3,432.43,0.67,7516.68,53.71,0,0.0
1419.99,443.93,3.85,61.34,22,884.29,0.245,3765.18,83.51,0,2498.84
1453.49,441.92,5.67,60.8,49,984.44,0.636,6093.97,57.19,0,0.0
1430.73,436.91,5.46,65.54,22,959.1,0.51,3048.95,63.0,0,3040.51
1455.68,441.34,3.27,51.38,49,1644.87,0.82,4676.98,99.61,1,1299.35
1483.11,438.48,4.32,60.3,12,1550.05,0.329,6489.44,51.93,1,0.0
1529.3,447.08,6.19,38.48,21,774.73,1.063,4625.46,69.23,0,1458.18
1388.11,449.57,4.02,68.76,4,386.82,0.022,4447.33,49.22,2,1654.11
1556.65,432.14,4.54,44.39,31,970.24,0.434,5015.95,51.42,0,1323.15
1352.4,426.69,5.46,75.03,44,1112.95,0.16,2996.0,75.65,2,2973.52
1442.41,421.64,5.78,56.7,31,741.85,0.87,2713.78,95.03,1,3184.13
1479.42,445.08,4.75,57.88,23,756.71,0.448,6071.35,63.39,1,25.98
1464.05,428.97,4.4,53.72,20,1474.77,0.466,4366.69,81.47,0,1863.26
1418.87,418.47,6.42,57.12,15,922.73,0.589,6059.73,27.14,0,74.75
1439.59,443.89,6.74,74.19,23,1198.68,0.499,6677.27,36.89,0,0.0
1425.35,464.93,5.98,35.12,28,720.91,0.381,6797.96,60.17,1,0.0
1420.53,439.94,5.09,72.77,16,982.92,0.249,2568.49,21.6,0,3579.48
1492.48,448.38,4.19,63.38,37,899.1,0.534,3953.26,40.23,1,2046.09
1467.85,440.82,4.17,47.93,21,797.39,0.576,5806.38,61.39,0,426.44
1415.35,439.01,5.52,49.25,15,1346.59,0.639,5829.5,21.2,1,258.49
1494.98,449.19,5.42,76.76,17,583.34,0.883,8374.16,41.16,0,0.0
1465.36,437.1,6.4,50.54,37,1090.02,0.065,3638.58,61.12,0,2823.35
1490.64,442.67,5.65,48.47,13,893.46,0.486,6752.25,65.85,0,0.0
1481.48,443.22,3.5,71.37,19,1124.45,0.738,5558.41,94.06,0,358.68
1408.55,433.32,6.05,63.39,30,897.53,0.475,2539.65,71.63,0,3588.95
1421.99,449.92,4.0,50.62,45,1260.16,0.032,4178.28,53.18,1,2199.33
1487.36,438.25,4.62,62.17,18,718.09,0.242,5393.79,94.43,0,863.65
1480.52,432.44,5.25,49.74,14,1347.27,0.566,2443.45,82.79,0,3776.27
1448.95,445.37,7.0,71.01,36,991.36,0.558,1889.14,36.0,1,4021.56
1455.87,431.02,8.11,70.61,36,601.45,0.635,2358.14,30.47,0,3618.47
1513.88,440.28,5.61,65.32,20,1204.06,0.344,5388.7,74.06,2,586.2
1420.42,439.91,4.82,63.62,19,940.35,0.552,4273.0,64.79,2,1614.85
1477.35,450.86,5.53,77.61,45,487.65,0.311,4070.07,83.17,0,1998.4
1439.89,444.75,5.89,60.0,44,1099.74,0.552,4121.57,79.1,0,2002.47
1439.12,439.75,4.68,48.18,7,1301.98,0.511,2863.82,70.02,0,3399.05
1504.94,448.18,6.8,64.49,44,1384.64,0.336,4315.4,98.91,1,1771.74
1491.27,453.9,5.23,80.86,4,886.49,0.812,2269.4,62.69,0,3516.17
1490.68,445.58,5.5,49.85,34,1043.6,0.159,6781.46,29.05,0,0.0
1515.27,440.1,5.67,56.39,2,1015.16,0.472,7538.49,86.26,1,0.0
1451.05,426.88,5.42,64.16,5,1446.94,0.331,1510.9,40.15,0,4681.74
1484.1,429.35,5.84,59.46,10,756.85,0.867,4296.31,82.18,1,1575.66
1434.49,436.95,4.38,50.18,32,860.6,0.62,4393.98,96.57,1,1694.41
1466.21,433.9,4.44,71.22,42,749.58,0.37,4738.27,75.74,0,1364.47
1443.49,438.13,3.9,83.2,41,565.25,0.444,6502.3,67.68,1,0.0
1454.85,440.57,5.44,61.96,13,1074.34,0.872,4300.68,56.83,1,1543.58
1479.76,445.3,5.78,50.96,39,1480.39,0.311,4867.62,49.15,0,1467.41
1409.09,439.3,5.46,44.51,5,940.45,0.147,9468.58,48.24,0,0.0
1554.62,444.87,6.67,62.58,10,735.43,0.558,4833.06,70.91,0,1262.04
1399.7,440.64,4.99,71.04,10,1056.06,0.563,7649.36,80.1,0,0.0
1389.29,420.25,5.67,64.75,38,1176.74,0.633,5752.98,74.28,2,82.9
1507.91,430.61,3.91,59.98,27,953.09,0.635,4169.44,35.87,0,1913.54
1489.58,438.56,4.61,54.11,21,1421.06,0.854,3918.9,59.52,0,2112.96
1481.21,427.9,5.7,49.08,8,756.29,0.156,4989.09,83.33,0,1441.94
1481.42,446.0,5.85,68.35,1,913.91,0.259,3310.29,58.06,0,2876.51
1449.39,455.31,4.71,69.14,28,1088.8,0.632,3704.2,62.93,2,2088.2
1405.14,452.19,4.93,44.54,49,1117.89,0.279,4365.41,81.69,1,1949.73
1453.79,437.87,3.48,75.9,39,1014.17,0.209,5440.02,72.9,0,696.66
1416.14,454.91,4.64,65.74,14,616.47,0.873,7739.0,52.75,0,0.0
1498.76,441.49,5.89,74.0,21,1701.4,0.176,4272.57,91.63,0,1899.47
1442.65,436.63,5.58,46.58,30,929.21,0.43,5692.28,33.01,0,627.06
1408.73,433.87,5.5,46.34,21,1033.08,0.488,2558.15,99.64,0,3734.37
1433.93,436.98,5.05,58.51,49,1185.03,0.762,6590.43,29.51,0,0.0
1470.65,436.12,5.01,65.03,9,809.05,0.126,2417.48,21.2,2,3669.13
1421.81,441.7,4.34,77.96,17,1017.08,0.583,6197.58,91.2,0,0.0
1408.89,441.61,5.7,67.06,5,796.84,0.322,4878.61,39.6,1,1189.82
1462.18,440.03,5.42,57.57,31,1124.67,0.626,4819.02,78.38,0,1292.49
1462.25,444.37,5.49,49.74,40,917.19,0.319,4549.6,84.88,0,1793.71
1424.65,451.91,4.47,72.3,38,1080.62,0.814,3048.12,88.72,1,2721.65
1426.45,449.5,2.85,50.35,43,686.04,0.32,3127.59,99.33,0,3208.97
1461.6,425.15,6.1,76.28,19,751.33,0.008,6254.78,43.52,1,0.0
1377.6,414.46,4.52,57.16,36,590.46,0.342,5017.91,76.82,0,1239.42
1379.63,449.34,4.14,75.91,33,786.84,0.448,4538.66,29.23,0,1478.41
1414.08,426.33,5.69,66.79,13,227.94,0.716,5665.1,52.54,1,208.77
1439.33,437.75,4.61,58.63,14,907.87,0.248,5151.97,87.84,0,1137.58
1465.55,428.3,6.06,54.81,33,839.73,0.252,3810.6,49.41,1,2415.2
1523.77,421.98,5.62,56.59,29,1045.27,0.692,8691.49,67.29,2,0.0
1492.88,445.41,5.68,64.28,43,1013.38,0.225,6111.13,60.3,0,133.56
1442.0,447.59,3.63,60.77,49,1377.12,0.464,5190.6,71.68,0,969.58
1449.05,434.23,6.21,54.06,36,1778.29,0.468,4229.58,97.83,0,1995.66
1399.87,414.09,5.26,58.34,44,1341.26,0.544,6429.14,24.46,0,0.0
1449.07,434.54,4.63,60.79,10,864.07,0.35,3818.65,65.92,1,2298.48
1435.57,443.92,5.14,38.71,31,851.98,0.315,3692.34,89.04,0,2763.23
1466.14,425.21,3.22,64.58,6,1260.6,0.567,7539.99,58.51,0,0.0
1408.64,441.83,5.41,50.2,1,495.0,0.321,5046.01,26.28,1,1191.56
1475.97,439.85,3.97,48.47,7,905.44,0.228,3854.98,64.84,0,2546.35
1526.64,445.79,3.65,43.13,27,928.55,0.746,5008.53,46.57,1,1087.43
1444.56,441.2,3.48,42.06,21,1175.24,0.598,6275.28,32.4,0,5.3
1470.09,430.27,6.11,46.45,28,1184.16,0.854,5931.88,87.92,2,0.0
1484.51,451.97,4.37,52.91,16,776.63,0.657,6461.39,61.73,0,0.0
1429.94,438.41,6.53,79.53,46,875.69,0.246,3125.67,94.66,0,2955.82
1461.2,439.73,4.46,54.74,23,1133.53,0.519,6423.72,84.48,0,0.0
1450.63,430.67,3.29,61.78,20,760.32,0.297,4731.41,75.44,0,1502.38
1454.88,435.57,3.88,64.0,38,1361.84,0.17,5133.65,20.4,2,941.46
1411.35,431.15,6.24,61.31,25,1182.75,0.411,6814.24,54.23,0,0.0
1451.23,438.27,4.84,59.23,28,1051.45,0.696,6054.09,35.8,1,0.0
1474.9,457.12,4.45,48.05,5,1117.28,0.555,5526.58,92.86,0,715.46
1522.56,426.28,5.16,74.51,21,859.93,0.222,2024.0,33.97,0,4119.99
1497.96,423.86,5.5,78.07,18,812.11,0.404,4931.75,42.88,0,1085.77
1557.66,454.71,6.12,43.17,47,872.58,0.471,3822.99,61.35,0,2509.57
1411.63,437.91,6.45,49.76,6,1149.99,0.162,6066.57,41.07,0,354.75
1493.62,433.31,4.64,57.2,29,1060.3,0.643,6486.44,36.79,0,0.0
1459.17,450.4,3.67,50.35,19,873.19,0.454,4546.95,67.93,2,1522.37
1559.49,433.94,4.59,65.06,33,1224.87,0.222,3999.44,27.11,0,2239.03
1409.59,458.26,5.26,52.72,1,947.82,0.211,7334.45,24.65,0,0.0
1408.01,446.78,4.04,81.65,45,792.01,0.72,4095.28,49.78,0,1728.15
1420.03,435.12,4.04,71.91,3,1076.3,0.424,3208.19,77.65,0,2860.83
1343.81,461.57,5.34,62.13,42,696.09,0.738,3750.99,64.38,2,2058.71
1423.71,433.94,4.95,70.27,21,493.83,0.814,4167.5,53.83,0,1722.58
1412.04,447.42,5.03,71.06,35,998.47,0.704,3707.96,65.26,0,2229.21
1457.52,442.99,4.24,54.36,41,802.78,0.393,6268.09,49.24,0,0.0
1467.09,453.02,4.77,51.84,40,923.75,0.0,1703.13,94.89,0,4778.28
1543.81,455.62,4.08,60.78,3,709.98,0.563,3676.16,24.39,0,2434.73
1497.52,440.32,5.89,68.62,25,1362.68,0.918,4928.75,73.87,0,925.92
1421.15,432.47,6.04,61.39,45,801.55,0.493,5315.37,91.3,0,824.26
1405.08,444.6,3.15,44.23,38,870.4,0.102,7537.75,84.31,0,0.0
1474.6,433.22,4.07,51.97,45,1113.36,0.365,7317.86,34.72,1,0.0
1383.99,460.13,3.5,59.26,20,587.02,0.463,2598.89,43.67,0,3576.88
1541.57,441.37,4.35,59.24,44,564.84,0.28,2137.93,77.36,1,4029.44
1508.97,436.35,4.92,79.73,45,1114.29,0.0,5037.46,26.74,0,1165.29
1426.54,441.85,3.55,46.14,34,866.52,0.48,3990.22,84.95,1,2208.16
1364.34,426.53,4.08,65.06,21,729.55,0.343,3211.96,77.51,0,2965.97
1517.69,430.28,4.0,74.89,48,1181.01,0.855,5024.18,78.37,0,799.64
1444.27,452.0,5.21,82.71,23,756.42,0.52,5346.05,28.02,0,566.71
1511.89,433.43,5.07,55.96,6,917.65,0.594,3741.55,77.42,0,2401.93
1370.28,429.53,4.28,64.91,13,731.16,0.476,4063.87,74.39,0,2048.89
1420.03,445.37,5.18,65.7,49,1091.03,0.519,3856.94,86.47,0,2226.71
1450.26,451.86,4.45,61.95,23,1399.62,0.17,4382.76,23.33,0,1912.92
1452.35,447.19,4.73,59.01,9,441.69,0.292,5812.17,21.85,0,451.74
1427.5,449.96,6.67,64.36,17,1033.8,0.718,3383.14,49.84,0,2614.4
1481.14,432.43,6.34,34.68,2,1256.98,0.542,4038.97,31.9,1,2243.31
1396.62,425.78,3.7,66.82,19,873.56,0.42,4401.08,64.67,0,1720.57
1442.88,455.01,5.83,61.26,19,660.69,0.597,4989.87,93.39,0,1098.89
1456.01,436.77,5.81,57.78,7,1126.29,0.601,5413.98,51.32,0,707.68
1475.72,437.49,3.85,80.47,42,1300.5,0.898,8063.39,87.6,0,0.0
1485.58,453.28,5.82,53.25,42,1267.16,0.533,5858.19,20.02,0,343.0
1393.77,445.56,6.54,55.97,20,1109.77,0.287,5893.9,33.48,1,302.66
1373.29,444.56,3.88,79.92,9,1029.37,0.477,4600.08,22.43,0,1362.33
1513.88,461.65,4.08,51.68,17,730.3,0.622,3530.2,46.25,0,2642.25
1466.62,433.56,6.02,54.5,27,1259.57,0.699,4207.68,92.66,0,1897.77
1412.58,449.28,5.27,58.53,47,1242.99,0.177,3934.5,27.76,0,2391.7
1527.56,440.57,5.55,68.41,2,658.58,0.551,5588.35,68.51,1,352.21
1455.78,442.69,5.34,62.08,36,1109.34,0.321,2523.08,56.12,1,3595.87
1508.96,455.28,5.39,47.07,19,1195.85,0.387,5888.8,95.08,0,447.13
1453.38,445.08,3.67,54.68,17,1264.63,0.669,4824.14,29.8,0,1294.49
1553.04,445.38,6.05,53.93,5,977.5,0.649,6100.02,36.96,0,36.09
1537.77,450.73,6.17,59.23,39,742.73,0.364,3914.14,22.36,0,2311.4
1437.55,436.35,4.77,64.26,18,849.37,0.468,3647.95,54.71,0,2475.25
1498.58,431.61,4.96,64.18,7,697.83,0.393,4390.0,42.23,1,1671.79
1482.27,429.55,3.47,42.24,17,984.68,1.078,4354.03,89.59,0,1684.4
1518.43,420.34,5.51,70.64,39,925.93,0.556,6209.52,68.4,0,0.0
1401.75,460.56,5.57,62.53,36,1643.51,0.332,6195.21,69.13,0,13.48
1484.3,428.97,4.94,73.85,40,1268.4,0.764,7857.53,62.55,1,0.0
1502.92,437.79,6.12,64.44,45,1290.86,0.771,4256.76,27.35,0,1713.07
1362.06,437.23,4.67,71.01,4,1141.41,0.858,0.0,55.6,1,5760.7
1390.84,443.07,5.56,64.67,38,889.8,0.918,4385.87,99.96,0,1508.68
1348.04,448.16,3.98,73.46,25,917.38,0.642,5345.99,86.82,0,598.62
1436.53,448.6,4.98,65.22,5,944.84,0.43,6071.8,91.48,1,0.0
1485.88,434.17,4.83,59.02,30,1056.47,0.459,5455.41,85.86,1,624.65
1525.12,438.33,5.23,82.72,12,1116.75,0.442,4255.58,28.24,0,1696.38
1453.7,442.83,4.63,68.89,4,1000.21,0.419,7571.25,38.2,0,0.0
1531.43,437.51,4.87,65.74,24,912.82,0.748,3449.4,20.25,1,2419.24
1380.99,456.07,5.83,47.24,29,821.77,0.5,4588.03,44.28,0,1689.53
1364.83,444.91,4.56,47.12,9,582.21,0.694,3380.14,28.69,0,2801.55
1447.22,447.35,3.39,62.93,4,1385.01,0.635,5029.37,57.82,2,823.71
1469.2,446.63,6.75,61.46,24,1661.66,0.28,7383.51,74.17,0,0.0
1448.37,451.73,6.38,53.86,14,1359.8,0.157,4788.61,89.96,0,1594.52
1346.63,441.81,3.71,61.41,5,622.28,0.253,4797.8,79.94,0,1461.77
1445.54,427.03,5.69,75.89,18,1236.1,0.415,2456.06,95.09,0,3577.75
1384.78,444.0,4.5,66.95,42,1307.13,0.527,4569.51,24.31,0,1497.52
1483.48,433.49,5.26,48.59,19,878.97,0.37,6725.73,20.97,0,0.0
1468.33,434.71,5.29,58.88,12,1146.68,0.641,4624.65,72.91,0,1466.2
1403.01,445.86,4.77,51.95,18,863.11,0.394,4523.31,43.15,0,1759.95
1424.31,452.38,4.22,56.12,17,1458.68,0.551,6658.57,40.28,0,0.0
1397.04,440.21,4.31,55.86,30,1109.61,0.524,4529.65,46.47,0,1649.95
1446.87,443.09,4.08,55.22,24,724.85,0.847,6938.08,41.58,2,0.0
1497.76,457.02,4.17,47.45,11,1200.94,0.305,3073.04,60.91,0,3300.0
1400.71,442.41,4.93,58.72,35,1317.63,0.942,6016.78,55.21,2,0.0
1475.2,466.02,4.28,54.39,23,1059.44,0.381,7469.49,60.99,0,0.0
1423.49,445.66,5.68,30.71,17,1143.83,0.232,6511.79,73.82,1,0.0
1410.36,422.39,6.49,80.53,1,979.07,0.457,2199.09,50.97,0,3767.3
1444.65,447.53,4.42,70.89,15,659.72,1.148,4042.55,40.1,0,1674.56
1398.24,443.81,5.24,56.24,32,954.48,0.679,4637.07,33.3,1,1361.04
1422.32,452.9,5.5,60.19,9,1156.91,0.621,6514.93,47.96,1,0.0
1390.11,446.73,5.47,48.28,15,961.59,0.659,3002.57,79.34,0,3185.07
1548.24,438.62,5.08,76.96,28,1240.23,0.346,3471.59,80.54,1,2485.79
1451.76,427.76,5.74,78.97,24,882.35,0.565,2592.27,73.35,0,3335.39
1415.01,437.91,5.48,61.57,35,902.02,0.501,3761.3,38.72,1,2272.78
1460.7,431.49,3.76,70.24,22,1249.34,0.862,3122.59,67.05,0,2744.15
1444.38,434.19,5.87,61.75,27,1066.56,0.478,7396.86,65.66,0,0.0
1438.95,445.89,5.89,46.63,19,876.48,0.424,4028.93,58.74,0,2292.57
1480.71,456.7,4.24,55.88,45,1310.14,0.267,6036.39,64.0,0,271.27
1487.88,443.95,5.04,61.32,12,793.38,0.528,5026.95,59.34,1,995.85
1423.47,428.04,5.68,55.45,20,781.92,0.559,5005.94,65.24,0,1160.22
1421.21,444.45,4.79,57.81,1,151.17,0.26,4112.83,77.24,0,2179.19
1436.25,451.97,6.07,59.09,21,833.81,0.591,6155.03,28.77,0,0.0
1334.9,433.9,7.36,59.19,49,1392.62,0.547,5231.52,79.97,0,903.25
1374.24,438.66,4.21,60.52,45,378.31,0.703,5145.12,30.87,0,898.31
1518.34,440.15,3.62,49.39,1,714.42,0.742,4109.87,25.33,0,2024.95
1532.25,432.15,5.3,52.83,10,1131.72,0.519,4355.34,98.09,2,1656.94
1437.55,446.48,5.72,47.15,47,326.54,0.293,5883.37,96.56,0,498.73
1478.83,438.79,4.77,69.78,32,846.79,0.334,5345.08,24.83,0,790.2
1465.56,444.2,6.45,38.94,39,1342.26,0.852,5185.21,55.46,1,899.14
1603.94,431.13,3.66,71.54,22,1612.91,0.533,3868.94,34.9,0,2149.16
1505.98,435.63,5.69,73.86,18,1087.07,0.849,7916.16,58.83,2,0.0
1443.6,447.22,4.39,56.98,48,722.06,0.6,4280.44,86.41,1,1749.92
1402.22,436.27,6.72,33.97,46,711.96,0.651,4954.62,96.05,0,1380.32
1369.68,457.27,6.99,56.39,32,1043.47,0.688,4719.45,70.74,0,1372.81
1460.17,436.0,4.23,59.36,27,1084.29,0.255,7932.07,48.31,0,0.0
1412.18,442.25,4.45,49.89,28,1557.38,0.561,4563.78,68.27,0,1656.59
1378.89,449.33,5.86,54.85,18,1291.24,0.253,4426.49,44.96,1,1798.73
1417.67,425.82,4.61,75.3,39,1025.23,0.443,5177.47,92.79,0,848.0
1395.92,422.39,4.95,66.65,49,899.44,0.628,3959.69,89.63,0,2059.8
1534.36,424.74,5.03,50.75,29,1904.41,0.295,5167.4,64.66,0,1177.59
1494.08,452.63,3.08,44.02,18,1187.98,0.612,8557.41,45.98,0,0.0
1449.6,434.48,4.99,56.73,44,799.37,0.2,5449.54,43.47,0,883.0
1524.0,465.58,4.31,57.87,8,932.61,0.729,5394.87,22.67,1,562.14
1453.87,434.36,4.51,64.96,31,736.76,0.367,3923.14,85.27,0,2243.68
1406.94,441.85,6.44,54.65,34,278.64,0.295,7563.81,56.03,0,0.0
1526.16,455.42,3.74,65.11,7,1093.8,0.213,7908.55,46.01,0,0.0
1476.95,460.06,5.81,79.35,36,1534.74,0.384,6279.02,57.69,1,0.0
1398.14,460.62,4.72,68.16,18,510.83,0.118,5980.75,85.5,0,278.46
1440.48,452.08,4.72,59.52,38,1016.58,0.39,4647.85,29.97,1,1461.8
1406.22,450.24,5.79,58.17,9,787.93,0.72,5587.01,88.61,0,471.36
1380.86,445.93,5.34,56.43,9,1156.45,0.462,3747.26,91.8,2,2257.27
1496.31,447.78,5.57,71.81,46,948.3,0.264,3310.83,95.74,0,2838.86
1545.47,434.49,5.97,53.73,8,591.98,0.545,2768.96,51.8,0,3421.14
1380.07,431.82,4.67,60.45,35,705.67,0.528,5616.01,37.37,0,515.68
1478.15,439.97,4.39,60.51,18,750.91,0.891,2932.44,49.89,0,3016.78
1417.47,438.3,3.91,54.98,5,1403.3,0.658,4250.55,46.63,0,1870.56
1425.64,435.47,4.17,46.28,14,1387.98,0.561,4908.16,34.09,0,1348.53
1420.38,446.96,7.95,63.23,28,906.6,0.681,6492.94,68.58,0,0.0
1406.8,449.55,6.24,59.39,30,1368.34,0.473,4132.67,58.13,0,2036.87
1452.43,440.88,3.65,65.0,4,948.04,0.485,6669.91,89.26,2,0.0
1408.45,454.78,3.68,54.66,39,902.0,0.832,6408.74,22.57,0,0.0
1463.52,428.58,5.48,72.21,20,1017.14,0.173,3393.04,71.51,1,2698.44
1447.49,438.06,5.55,51.23,25,1085.45,0.694,6684.24,81.04,0,0.0
1438.05,432.83,5.55,77.12,28,833.37,0.478,4574.63,80.76,0,1415.25
1404.62,421.33,4.75,42.52,12,1006.56,0.442,4251.57,90.89,0,2102.34
1421.16,439.17,4.87,64.35,2,1236.2,0.389,4580.97,78.32,0,1580.84
1487.77,438.78,5.33,64.75,43,1038.86,0.531,4994.74,94.22,2,892.35
1475.05,455.13,5.09,52.04,14,1012.83,0.491,4377.43,46.61,0,1856.48
1401.12,446.31,2.78,64.24,22,1148.25,0.417,3740.46,60.26,1,2308.57
1454.97,429.76,4.77,72.8,31,1200.01,0.359,3873.12,21.13,2,2019.2
1487.57,458.54,4.15,37.83,23,981.22,0.119,5208.41,20.56,0,1353.8
1366.53,452.21,5.18,65.03,48,857.75,0.355,4759.3,39.21,2,1212.8
1477.17,445.82,7.99,35.07,20,1056.76,0.398,5790.96,28.06,0,659.59
1416.87,437.74,5.37,50.34,38,521.81,0.53,5078.54,40.82,2,952.9
1478.53,430.41,4.69,76.29,4,936.9,0.893,5115.52,34.16,1,575.25
1411.84,436.28,5.92,54.18,15,258.53,0.377,5889.22,22.28,0,380.56
1359.76,450.89,5.48,48.26,24,497.26,0.295,7128.38,92.74,2,0.0
1368.62,458.85,5.42,58.02,25,452.14,0.357,7188.53,20.66,0,0.0
1452.4,455.43,5.61,80.68,1,1314.21,0.531,7010.61,78.89,0,0.0
1462.99,435.11,7.06,41.68,7,1004.19,0.618,6305.67,32.17,0,0.0
1404.78,428.8,3.87,49.49,31,621.39,0.646,8128.12,92.98,0,0.0
1481.93,441.41,5.47,74.97,12,1147.32,0.666,5656.74,91.42,0,260.75
1366.92,422.32,4.07,78.58,42,1296.6,0.694,5488.32,72.31,1,278.99
1446.7,443.23,5.56,58.97,5,1152.55,0.444,8365.88,73.78,0,0.0
1389.45,438.52,4.08,47.61,44,943.39,0.911,911.05,20.43,0,5157.54
1417.41,435.34,4.58,80.96,42,1069.75,0.429,4679.16,98.79,0,1296.74
1452.37,424.05,4.7,75.94,38,1270.45,0.522,6878.74,90.23,0,0.0
1406.98,445.14,5.98,66.79,12,859.23,0.759,6470.39,91.61,1,0.0
1430.77,434.67,5.92,51.88,39,1008.96,0.613,8848.48,72.74,1,0.0
1500.31,428.3,3.75,59.51,18,922.84,0.052,5161.23,47.58,2,1017.76
1421.16,411.28,5.05,58.4,2,515.98,0.501,4353.77,91.49,0,1811.7
1491.78,439.72,4.29,63.31,10,1274.97,0.672,4501.87,43.32,0,1528.85
1393.51,457.72,3.74,74.51,15,1617.18,0.231,5477.1,65.02,2,462.14
1476.49,456.61,4.78,68.79,30,737.86,0.65,7432.47,27.98,1,0.0
1522.08,435.43,4.69,49.23,44,1288.8,0.578,7451.21,93.76,0,0.0
1326.42,433.98,7.43,73.76,17,747.4,0.737,4915.98,31.26,0,977.98
1410.16,444.69,5.43,63.13,4,1039.84,0.362,5379.51,37.99,2,608.37
1478.85,430.02,3.62,66.87,7,1452.4,0.699,4082.6,64.65,1,1799.11
1439.85,443.02,4.44,74.67,41,843.87,0.532,4239.18,81.13,0,1748.21
1468.56,447.66,6.02,48.88,31,995.59,0.853,6569.39,69.55,1,0.0
1419.8,452.27,7.09,59.64,39,459.55,1.057,7403.32,38.57,0,0.0
1454.33,439.0,3.41,54.69,34,800.74,0.808,3954.07,20.08,0,2095.24
1442.22,437.96,3.12,44.32,6,428.12,0.596,5364.43,80.57,0,894.3
1508.39,431.22,6.87,63.47,38,1128.75,0.964,4635.38,98.82,0,1247.85
1462.72,431.73,5.39,85.12,45,1249.49,0.621,6295.81,84.79,0,0.0
1466.88,437.74,4.13,41.6,34,933.51,0.318,4417.23,56.82,0,2007.58
1429.41,443.67,5.53,59.68,44,1085.77,0.492,2110.32,92.3,0,4046.84
1425.62,449.14,2.36,66.41,15,902.28,0.652,6505.54,52.79,1,0.0
1428.37,431.97,5.0,61.23,14,1222.16,0.665,4544.77,61.99,2,1310.32
1469.72,454.93,5.33,58.87,6,1038.84,0.275,4700.83,58.17,0,1573.0
1428.95,437.29,5.92,47.01,37,404.3,0.281,5653.38,55.81,0,735.89
1464.49,439.79,3.99,62.33,32,1281.99,0.432,5529.25,82.02,2,431.6
1553.77,432.53,5.09,52.43,3,883.14,0.607,5684.18,62.14,0,488.04
1493.56,415.76,4.07,38.1,3,618.89,0.633,2555.4,45.34,1,3647.34
1433.7,448.84,5.26,71.95,22,868.32,0.528,5834.46,40.65,1,81.95
1510.06,447.37,4.1,69.58,22,429.38,0.333,2136.42,23.02,0,4001.19
1429.6,437.19,4.59,60.52,10,625.03,0.847,6154.35,66.66,1,0.0
1348.09,440.67,4.0,62.29,3,1042.88,0.286,6677.57,38.4,1,0.0
1399.6,445.16,5.65,70.74,12,1068.01,0.76,2947.22,31.85,0,2965.11
1356.46,424.37,5.86,62.24,29,1091.93,0.648,5492.65,72.31,0,561.03
1432.42,434.71,4.77,69.04,48,1000.96,0.756,6585.77,74.5,0,0.0
1450.92,447.94,5.04,57.03,17,792.14,0.411,4326.49,80.17,0,1897.7
1533.82,427.46,3.55,73.12,7,983.66,0.471,6010.45,60.29,0,22.61
1466.35,442.94,4.7,63.21,13,868.84,0.511,821.89,91.52,0,5290.53
1439.04,426.43,4.95,61.94,2,512.27,0.405,6647.29,94.91,0,0.0
1491.47,444.66,7.62,47.3,4,768.28,0.545,5044.99,84.59,2,1009.49
1339.44,439.64,3.89,62.87,10,1266.86,0.816,4613.26,70.85,0,1350.14
1461.78,423.85,6.46,51.68,39,1476.49,0.241,6476.06,44.3,0,0.0
1488.54,451.65,6.0,53.62,24,1195.38,0.369,7593.93,98.64,0,0.0
1376.07,432.65,5.28,51.85,17,1463.11,0.347,5728.57,41.93,0,579.54
1507.19,431.9,6.76,49.34,6,1025.62,0.481,7413.07,36.21,0,0.0
1466.92,442.01,5.37,81.25,19,1522.71,0.473,2670.08,55.37,0,3281.0
1429.24,451.49,5.39,73.31,5,1616.35,0.654,5998.92,24.55,0,0.0
1481.64,429.84,4.95,79.2,32,479.96,0.507,4801.99,98.28,1,1052.6
1563.53,440.62,6.22,47.77,10,1066.45,0.561,3817.67,67.07,2,2224.33
1459.09,444.29,6.1,60.71,9,1025.93,0.58,2106.98,64.56,0,3996.05
1462.41,446.93,4.37,47.06,27,872.77,0.549,5917.68,72.46,0,337.13
1427.03,441.76,3.68,53.04,13,1147.57,0.641,6312.94,59.76,0,0.0
1407.51,436.33,4.8,50.82,19,1012.34,0.476,7013.03,22.57,1,0.0
1491.52,431.72,4.2,72.4,21,779.37,0.829,6764.74,68.98,0,0.0
1407.2,440.86,4.94,56.04,24,992.02,1.008,3842.44,77.29,2,1893.03
1453.58,429.28,6.24,70.68,38,1361.38,0.641,6936.06,53.34,0,0.0
1426.12,410.79,4.54,66.04,4,1054.76,0.546,7094.52,80.58,0,0.0
1473.95,444.37,4.96,83.04,24,1188.09,0.625,4610.02,38.16,0,1247.15
1466.68,449.04,5.06,45.21,35,916.88,0.28,5042.64,37.7,2,1165.41
1501.88,416.37,5.85,72.59,3,1135.62,0.536,3598.77,32.91,1,2307.3
1424.5,429.9,2.75,71.46,4,637.24,0.354,7221.33,49.76,0,0.0
1436.51,446.19,4.39,50.27,37,850.08,0.602,2732.32,87.76,0,3464.02
1401.06,460.57,5.21,70.07,40,969.2,0.355,5802.46,86.23,0,319.47
1427.79,440.21,6.2,63.36,48,617.1,0.431,4104.76,50.63,0,2046.11
1468.87,432.72,4.51,57.73,35,750.93,0.126,3338.22,67.13,1,2921.72
1487.85,438.17,3.12,51.76,31,1093.93,0.265,2187.91,77.67,1,4061.81
1403.89,453.75,5.62,52.81,44,1038.95,0.571,4676.89,39.3,1,1409.53
1493.48,433.54,4.36,80.5,25,1241.91,0.326,3103.12,33.45,2,2728.78
1517.78,432.01,3.81,60.01,40,819.85,0.713,5084.63,97.77,0,958.93
1470.67,435.17,4.38,67.82,13,1017.28,0.309,7654.01,69.4,1,0.0
1543.84,430.47,4.82,52.09,4,798.44,0.591,5299.26,98.51,1,784.5
1411.31,441.23,4.4,52.2,46,1211.84,0.348,7995.92,47.02,0,0.0
1387.77,456.25,2.79,70.82,14,1357.22,0.577,3526.59,76.24,1,2376.66
1361.06,443.23,5.9,46.5,13,1145.0,0.193,3078.59,37.81,0,3359.85
1524.8,437.48,6.27,55.85,27,1318.36,0.409,3459.48,40.9,1,2677.36
1482.72,437.08,5.65,60.34,6,1009.75,0.331,4902.35,60.95,0,1328.87
1447.22,424.37,3.86,61.11,17,1241.68,0.677,9084.42,45.57,0,0.0
1464.0,448.83,4.8,58.21,36,1022.63,0.592,2506.83,33.41,0,3614.86
1393.73,439.22,4.99,63.96,40,692.52,0.253,5929.49,41.03,0,304.18
1572.29,438.2,5.6,66.93,49,1074.02,0.459,3950.05,22.86,0,2150.98
1456.46,471.93,5.67,67.35,35,701.41,0.346,4664.3,76.35,0,1489.47
1455.47,442.99,4.27,50.14,17,1701.74,0.69,3112.97,59.37,0,3040.58
1486.29,432.48,5.08,57.16,41,899.77,0.754,6318.71,27.54,0,0.0
1474.05,435.74,5.46,71.95,2,1193.51,0.212,4934.11,33.74,1,1140.58
1461.19,451.48,6.46,68.95,13,996.28,0.665,6631.18,28.2,2,0.0
1410.48,441.13,5.7,46.27,2,629.92,0.335,5262.87,69.01,0,1106.75
1473.57,425.62,5.79,63.51,28,430.44,0.449,2102.56,27.54,1,3937.58
1544.1,449.19,5.08,40.22,43,1224.7,0.506,6644.81,80.34,0,0.0
1517.27,433.32,6.41,60.47,26,1464.8,0.863,1980.5,21.64,1,3883.15
1529.66,458.73,5.41,78.98,22,779.56,0.299,2195.15,39.95,0,3865.46
1424.44,450.8,4.14,50.52,47,502.99,0.667,3624.2,91.25,0,2537.12
1400.52,435.53,6.4,51.66,43,902.45,0.266,3644.22,77.48,0,2706.37
1443.71,452.81,5.7,67.64,3,718.86,0.252,7094.03,25.84,0,0.0
1452.79,440.68,4.56,44.57,35,804.91,0.506,4743.27,85.69,1,1458.17
1504.71,448.53,4.52,53.67,12,1183.11,0.504,6871.08,59.44,1,0.0
1365.38,444.85,5.3,65.96,24,984.86,0.0,4148.12,87.74,0,2192.23
1526.48,431.54,5.46,53.66,5,751.15,0.732,5476.47,68.06,0,621.0
1442.1,433.56,5.2,57.64,20,1176.55,0.072,5711.06,74.55,1,576.44
1428.66,450.3,5.31,67.44,39,1200.06,0.471,6044.1,99.48,1,0.0
1399.39,436.65,6.7,64.22,39,898.88,0.766,4302.61,38.59,0,1672.47
1367.26,435.96,6.07,62.67,13,1041.37,0.942,4433.22,69.92,0,1469.18
1491.16,430.45,5.19,56.61,41,1156.15,0.427,4552.8,56.83,0,1667.41
1453.67,444.24,5.94,63.7,45,1127.83,0.213,2521.38,23.16,0,3734.91
1385.5,460.63,3.97,58.76,12,1012.18,0.758,4874.15,21.16,0,1159.17
1385.25,429.32,5.4,64.58,13,1429.78,0.673,4424.47,29.54,0,1593.23
1433.21,440.24,6.81,55.03,10,1174.8,0.402,5870.11,71.93,1,278.48
1533.45,454.12,4.78,58.17,33,864.8,0.377,5136.95,65.37,0,1092.88
1437.02,439.2,4.15,50.1,40,866.6,0.357,7004.57,64.27,2,0.0
1374.84,444.52,4.35,59.65,16,832.57,0.431,5105.13,22.55,1,982.83
1437.71,429.38,3.91,51.89,45,1189.64,0.563,4156.69,57.54,2,1842.8
1436.36,444.28,4.22,48.86,35,813.18,0.387,5086.55,93.97,0,1231.46
1315.16,438.13,4.63,62.59,3,872.53,0.412,6086.25,51.81,1,0.0
1447.29,449.86,3.59,62.13,5,1317.41,0.628,2340.19,69.99,0,3724.41
1438.45,451.87,5.02,67.83,26,1057.49,0.204,3927.13,82.39,0,2292.83
1484.81,465.9,5.9,55.69,11,1359.56,0.425,3958.73,82.71,0,2271.97
1542.45,445.8,4.09,64.08,7,1239.42,0.165,5616.49,61.54,0,660.3
1506.33,443.26,6.52,65.51,10,647.0,0.522,5790.93,88.64,1,193.15
1436.56,441.94,5.51,64.45,42,969.36,0.112,5151.84,51.31,1,1047.62
1394.67,436.47,6.03,51.74,34,1296.98,0.678,1282.04,91.1,0,4861.52
1578.67,443.38,4.34,61.49,3,633.35,0.237,2522.12,39.22,0,3744.4
1452.96,437.05,5.85,63.64,8,1125.91,0.145,4641.6,42.42,0,1649.24
1450.7,441.68,3.91,60.07,31,988.23,0.427,4247.8,24.25,0,1937.85
1448.79,453.18,5.89,39.14,11,473.56,0.842,5008.06,83.65,1,1079.48
1459.9,429.93,5.17,61.6,45,1035.9,0.642,4295.9,53.36,0,1766.93
1442.78,451.4,5.55,82.13,7,748.76,0.116,7297.46,38.33,2,0.0
1421.32,453.17,3.82,56.4,45,649.7,0.231,1559.09,38.54,0,4761.23
1422.66,438.82,4.1,52.72,2,1002.74,0.421,5453.94,92.11,0,808.43
1448.36,418.78,5.6,63.73,6,420.74,0.948,6242.02,86.71,0,0.0
1422.83,433.92,4.05,63.12,41,797.71,0.312,6052.31,64.28,0,160.35
1414.36,452.97,5.46,71.93,32,1765.35,0.314,6180.91,69.29,0,0.0
1455.32,439.77,3.63,47.42,20,1195.07,0.805,6396.67,57.95,1,0.0
1437.25,430.01,5.85,67.31,34,735.57,0.539,4094.03,51.33,1,1863.34
1525.2,434.95,3.77,65.9,16,1421.25,0.711,3347.77,93.24,0,2637.88
1317.45,448.41,5.55,58.58,25,702.39,0.355,1947.98,30.05,0,4288.95
1504.58,445.47,5.63,63.39,12,833.89,0.48,4456.1,53.48,0,1670.2
1512.3,437.61,4.3,70.29,7,655.34,0.763,3833.7,47.56,0,2081.79
1346.33,436.33,5.58,68.72,39,1076.82,0.471,6742.41,59.85,0,0.0
1432.87,436.08,5.26,48.57,17,1410.59,0.725,4568.66,56.61,0,1583.33
1431.43,430.78,4.46,68.2,45,700.3,0.577,3454.39,61.51,1,2474.87
1379.62,456.15,3.99,59.35,11,381.87,0.292,3217.2,31.19,1,2943.23
1411.11,436.78,3.04,60.73,6,1327.29,0.497,7983.23,61.05,2,0.0
1394.47,452.17,5.35,60.73,23,1466.14,0.696,4966.87,39.39,0,1077.67
1537.61,455.21,3.44,58.5,27,401.48,0.634,3827.74,34.75,2,2070.34
1496.78,449.98,5.1,71.92,46,1138.02,0.492,5186.06,25.19,0,848.79
1513.58,435.68,4.74,59.16,6,1067.95,0.122,7845.33,81.01,0,0.0
1486.08,444.04,5.68,48.8,38,763.76,0.141,4415.48,54.2,2,1826.07
1393.55,439.76,4.7,56.06,2,581.69,0.183,6030.52,70.13,0,317.17
1423.77,430.96,4.67,61.79,22,1297.53,0.398,6779.69,78.21,0,0.0
1474.47,443.24,5.73,72.29,20,1053.72,0.425,2162.86,74.35,1,3801.93
1388.89,428.21,5.34,66.03,25,1076.33,0.205,4042.38,57.64,2,1994.85
1485.65,451.88,5.32,51.49,15,813.47,0.705,6591.63,51.03,1,0.0
1437.98,435.35,5.47,84.85,49,759.43,0.247,3951.04,50.08,0,2076.81
1431.26,442.01,3.46,62.65,29,263.51,0.226,5621.94,71.2,0,638.64
1485.55,442.83,5.76,72.75,8,931.59,0.518,3862.28,59.58,2,1951.36
1472.21,437.41,5.61,58.48,37,1431.65,0.695,4331.67,87.93,0,1736.11
1431.95,445.87,3.98,65.33,49,732.92,0.911,4148.95,89.98,0,1742.22
1507.97,435.25,4.76,68.39,33,543.28,0.617,5955.01,33.64,0,52.79
1395.95,448.71,4.96,72.18,22,1130.7,0.816,5302.37,30.9,0,567.83
1480.8,426.54,4.87,70.57,47,1186.02,0.258,5148.29,70.43,0,1017.18
1479.66,441.26,5.33,68.72,5,824.23,0.932,8761.24,44.1,0,0.0
1434.52,459.39,6.43,56.85,39,895.37,0.128,7609.55,21.49,0,0.0
1466.31,430.0,6.08,54.28,18,1079.17,0.399,2028.13,91.09,0,4229.42
1387.44,433.22,3.69,63.33,38,953.34,0.612,4334.89,38.15,0,1725.79
1496.2,445.14,5.62,69.33,37,1300.04,0.179,8639.7,94.34,0,0.0
1440.75,441.8,6.33,57.77,30,1731.17,0.315,4138.11,77.39,1,2026.86
1423.86,443.51,5.39,70.65,31,487.25,0.283,8131.62,81.01,0,0.0
1502.45,444.89,6.09,74.53,10,1368.93,0.438,4360.51,36.12,0,1675.25
1414.78,446.35,7.01,50.84,15,1031.58,0.784,4649.0,38.74,2,1250.47
1379.58,451.1,6.02,51.63,42,1416.46,0.503,6295.36,61.7,0,0.0
1372.17,444.1,5.25,58.6,48,1217.31,0.407,4864.69,33.77,0,1345.65
1480.3,437.59,6.05,63.08,44,1018.35,0.0,5741.94,44.43,0,627.3
1385.98,446.73,5.14,54.75,18,1228.01,0.593,7362.42,45.72,1,0.0
1537.74,459.0,5.02,73.52,23,881.75,0.658,6138.2,32.77,2,0.0
1345.9,438.67,4.65,64.24,33,767.71,0.16,5212.3,36.41,2,865.3
1534.82,430.25,6.56,60.39,16,1243.26,0.487,7510.29,83.08,1,0.0
1460.55,451.07,4.18,45.64,38,746.7,0.539,6315.03,33.38,0,0.0
1445.16,438.8,6.53,46.84,35,1192.71,0.693,3899.69,22.28,0,2285.44
1422.75,418.27,5.5,62.81,34,1009.22,0.355,7970.11,70.35,0,0.0
1469.96,448.47,3.6,38.67,28,301.17,0.325,5963.55,98.08,0,487.25
1448.12,434.65,5.37,70.13,2,827.69,0.409,4679.48,46.5,1,1314.9
1505.17,439.09,2.9,58.42,30,1100.45,0.757,1968.77,29.49,0,4068.6
1455.71,443.32,5.63,92.43,13,878.2,0.709,2933.64,65.63,0,2787.67
1457.52,441.9,5.89,83.08,41,235.98,0.496,7550.2,92.51,1,0.0
1431.82,447.09,4.41,58.19,16,1396.23,0.704,7609.5,82.72,0,0.0
1447.15,435.65,5.12,58.94,5,1050.81,0.026,5127.93,69.8,0,1269.58
1465.39,445.13,6.95,69.96,28,1133.12,0.658,2344.63,45.2,0,3626.64
1364.49,437.4,4.49,77.03,39,858.02,0.276,3369.54,63.35,0,2722.02
1382.59,447.39,3.94,43.62,45,1159.45,0.853,2564.35,27.3,0,3572.75
1487.16,446.15,6.48,42.14,20,1550.45,0.287,2509.83,74.32,0,3925.23
1458.54,430.65,6.96,53.78,24,779.48,0.329,8040.2,78.01,0,0.0
1440.8,450.86,5.0,65.83,27,1500.1,0.612,8089.88,97.2,1,0.0
1450.92,434.64,6.01,64.97,30,1119.57,0.632,3318.73,40.83,2,2515.69
1467.38,448.08,6.34,70.7,45,739.17,0.411,4986.9,21.48,0,1100.76
1423.01,443.67,4.26,48.0,27,1663.72,0.574,3072.81,63.65,0,3160.02
1411.08,458.38,4.51,36.84,26,1117.49,0.599,4977.14,76.54,1,1254.93
1459.79,437.77,6.23,68.58,7,1202.94,0.579,7458.96,83.23,2,0.0
1401.08,436.51,6.69,51.72,42,919.19,0.419,6618.08,35.5,0,0.0
1470.41,439.81,5.56,39.82,47,761.1,0.601,6212.99,40.94,0,88.33
1364.87,436.97,4.12,61.45,38,1050.34,0.781,4708.73,61.01,1,1186.13
1501.46,448.0,6.99,67.93,5,1474.44,0.255,6892.95,46.45,0,0.0
1473.63,423.84,4.47,58.78,23,907.1,0.332,5970.0,88.84,0,276.21
1462.8,429.46,4.66,55.42,28,991.97,0.505,5605.87,57.9,0,587.19
1499.13,429.32,5.34,58.41,34,1436.9,0.289,4826.89,83.97,0,1444.67
1533.27,449.5,6.55,56.29,15,909.9,0.139,5477.56,66.45,0,889.84
1500.72,457.11,5.85,46.52,32,1153.08,0.719,5432.38,81.85,0,743.12
1357.96,438.96,5.41,52.85,26,1263.21,0.054,4187.85,46.61,1,2156.49
1386.02,438.31,5.46,65.21,48,940.97,0.42,3837.63,86.51,0,2300.49
1418.76,440.7,5.04,63.22,31,1092.95,0.652,3504.64,41.97,0,2537.3
1451.3,451.62,5.56,61.68,19,1198.33,0.553,3600.71,63.69,0,2505.82
1475.88,430.73,2.47,50.05,9,879.73,0.423,4717.85,37.12,1,1470.39
1413.71,442.38,4.7,58.18,29,1244.73,0.281,4470.97,58.04,0,1806.92
1459.34,449.75,5.24,38.23,39,835.9,0.569,4068.9,45.45,0,2264.42
1412.23,445.01,3.85,61.78,4,797.47,0.302,3957.83,41.34,0,2273.16
1419.42,441.9,5.39,74.29,3,541.89,0.553,5437.82,97.36,1,442.7
1379.67,450.01,4.8,45.26,29,848.96,0.528,7066.41,32.81,0,0.0
1403.84,412.97,6.76,54.14,11,755.35,0.53,4983.63,82.99,0,1209.86
1382.42,446.78,6.57,63.29,33,879.74,0.372,4885.5,98.73,0,1295.62
1401.21,433.46,4.53,72.53,38,1183.6,0.907,3597.67,21.59,1,2123.54
1502.68,421.69,4.85,55.52,11,482.3,0.572,4665.4,75.92,0,1493.61
1402.53,445.11,4.93,53.08,27,407.6,0.444,6785.5,40.23,1,0.0
1581.62,453.74,4.55,40.31,33,775.28,0.553,6556.19,23.24,1,0.0
1474.67,438.63,5.2,61.03,21,1138.37,0.345,6451.96,52.23,2,0.0
1459.24,449.53,4.24,80.42,39,1086.66,0.423,6403.8,94.82,0,0.0
1407.08,456.12,3.87,62.77,31,770.48,0.978,5655.1,20.94,2,27.97
1485.02,453.15,5.62,59.78,38,1350.82,0.347,5601.81,67.03,0,627.16
1421.22,456.4,5.63,63.22,46,802.48,0.484,5367.13,60.11,0,758.44
1456.1,447.42,4.2,59.89,2,1138.74,0.409,4374.67,89.87,1,1722.05
1578.0,440.75,5.9,51.87,27,891.16,0.292,5125.55,26.72,0,1209.72
1445.2,423.98,4.37,68.23,36,739.37,0.584,5323.4,74.52,0,702.16
1507.46,437.54,5.25,62.26,11,818.48,0.507,5949.75,74.41,0,174.02
1414.84,431.57,5.82,60.18,47,1220.2,0.682,5150.38,73.53,0,906.75
1448.25,461.71,4.97,50.25,18,1108.31,0.662,8157.74,95.39,0,0.0
1538.54,438.24,5.45,73.04,1,1290.43,0.68,3185.28,85.85,1,2644.3
1418.65,441.23,4.48,66.65,35,1108.3,0.316,6131.71,23.36,1,0.0
1540.62,445.51,4.8,54.47,35,516.65,0.628,4938.13,57.69,0,1203.06
1485.39,440.44,4.79,70.02,31,1634.32,0.633,5003.22,51.84,0,980.07
1421.88,456.95,4.25,55.02,28,1112.55,0.296,3781.14,44.81,2,2320.73
1481.62,433.77,4.82,52.18,39,1154.4,0.436,6529.01,56.11,0,0.0
1498.63,441.95,3.45,52.4,1,886.95,0.209,5979.26,50.74,0,392.32
1481.09,432.58,4.51,42.29,25,1333.95,0.634,6250.46,54.59,0,9.69
1371.49,426.8,4.72,64.72,43,672.07,0.633,5253.87,98.34,0,782.48
1413.64,433.88,4.74,41.69,38,1182.95,0.786,4512.66,27.09,0,1677.42
1437.62,439.63,4.76,47.72,20,376.11,0.454,4900.16,93.78,0,1395.57
1446.28,435.71,4.94,39.24,3,1203.16,0.59,5650.2,58.42,0,662.21
1481.03,433.08,5.48,59.14,2,676.13,0.698,1991.64,69.9,0,4068.2
1458.89,425.94,5.87,58.5,18,1083.1,0.349,6309.4,86.41,0,0.0
1383.23,439.17,4.35,56.73,44,1407.2,0.319,8639.29,48.84,1,0.0
1469.01,424.95,3.8,49.57,10,1246.82,0.355,5720.5,54.43,1,506.04
1480.53,447.6,3.96,48.28,5,1367.31,0.43,4578.61,52.76,0,1723.54
1477.99,440.82,4.51,64.64,9,1336.25,0.326,4758.15,49.98,0,1432.47
1504.04,425.42,4.65,54.49,2,842.72,0.364,6061.31,94.04,2,11.72
1491.7,436.91,4.23,63.16,34,1179.5,0.676,4612.57,86.31,0,1417.71
1472.96,432.48,3.7,51.15,38,482.52,0.481,6303.01,28.72,1,0.0
1446.49,443.19,4.54,61.81,31,793.92,0.561,4738.79,28.65,0,1362.43
1366.95,453.4,5.18,73.03,10,1417.8,0.39,7571.28,54.23,2,0.0
1471.48,421.25,5.6,65.86,12,884.49,0.377,7529.89,27.89,0,0.0
1460.38,441.15,4.44,55.88,36,439.6,0.557,4504.75,69.53,0,1657.94
1463.58,438.4,4.59,62.57,21,1604.11,0.525,4878.46,31.5,1,1133.21
1386.16,446.71,4.07,57.59,49,1168.68,0.656,4966.45,61.79,0,1129.82
1395.95,442.13,4.97,60.08,47,1229.34,0.76,4986.55,20.58,0,1032.5
1502.66,432.48,4.15,56.74,6,705.86,0.362,3578.86,45.33,0,2672.85
1448.02,436.81,5.57,58.36,48,1085.22,0.672,3369.11,74.18,1,2611.21
1484.08,432.04,3.21,62.12,49,1077.27,0.284,6874.64,58.72,0,0.0
1451.42,450.76,4.64,50.07,3,753.55,0.915,6634.68,98.26,0,0.0
1451.49,440.21,5.3,49.84,10,949.05,0.343,6608.78,89.93,0,0.0
1496.91,459.01,5.18,46.11,5,549.86,0.638,4895.93,48.73,0,1323.86
1424.2,439.39,7.69,44.0,46,895.99,0.283,7838.02,23.64,0,0.0
1454.81,432.92,5.35,47.83,26,1292.15,0.47,4966.3,87.65,0,1320.64
1426.89,424.86,4.0,61.59,21,775.95,0.809,6294.31,92.9,0,0.0
1428.28,421.97,4.9,51.07,45,1572.19,0.336,2917.07,85.65,0,3403.98
1434.54,424.16,3.22,65.14,26,569.17,0.941,4655.4,30.24,0,1222.82
1461.11,442.67,4.92,60.35,38,921.95,0.499,4766.27,99.83,0,1380.79
1426.06,445.09,4.17,40.31,44,803.07,0.695,4901.77,40.69,0,1347.51
1512.79,424.19,5.92,66.55,26,945.95,0.581,3011.75,77.94,0,3032.46
1405.27,448.95,4.45,68.11,8,1411.44,0.591,6055.82,92.64,2,0.0
1440.66,435.17,4.88,50.06,5,704.66,0.215,6542.92,38.85,0,0.0
1428.01,441.47,4.36,64.2,15,864.62,0.405,3884.21,92.66,1,2171.06
1522.35,456.12,6.74,51.44,16,1196.35,0.739,3278.99,44.76,0,2837.06
1459.83,448.97,4.68,60.98,1,1027.95,0.431,3846.59,98.11,0,2328.08
1501.59,437.31,6.83,47.36,16,1052.55,0.528,5743.25,42.5,0,519.32
1375.72,431.09,5.81,42.07,37,710.42,0.191,4105.09,96.27,0,2378.96
1463.35,418.48,5.48,56.17,3,978.52,0.392,4798.9,24.28,2,1243.14
1494.48,432.81,5.37,58.76,47,1339.47,0.725,3389.81,76.74,2,2460.26
1454.11,437.89,5.39,56.02,31,517.14,0.243,7968.93,62.57,1,0.0
1503.27,430.13,3.07,48.16,13,790.81,0.643,5109.8,58.23,0,1086.9
1424.14,438.69,4.72,56.0,16,455.34,0.536,6724.57,37.88,0,0.0
1520.47,440.77,5.85,62.69,43,1161.09,0.453,5739.75,76.45,0,406.91
1564.94,437.75,4.95,59.55,21,1367.64,0.444,4937.18,35.26,2,1045.3
1431.86,433.5,3.59,61.83,2,944.98,0.402,4859.51,64.23,0,1321.35
1427.72,441.69,4.95,53.3,27,698.34,0.42,3912.13,40.26,0,2345.07
1522.67,444.42,6.7,71.72,38,707.13,0.686,4324.31,96.45,0,1615.55
1528.98,429.1,6.25,48.24,26,910.88,0.414,3488.3,22.29,0,2822.53
1423.86,454.11,4.94,64.88,38,909.74,0.862,3324.7,35.98,2,2395.78
1428.99,439.01,5.95,71.82,46,1273.55,0.56,8129.56,39.38,0,0.0
1435.91,440.19,4.63,64.81,25,799.34,0.385,5418.37,53.13,0,741.17
1382.78,447.08,3.3,57.97,11,1130.52,0.695,7198.58,38.62,0,0.0
1404.07,442.33,4.08,54.72,8,908.36,0.625,3808.91,59.31,1,2231.53
1399.79,449.53,6.56,70.36,8,776.57,0.169,3122.59,89.8,0,3089.21
1411.61,442.87,4.73,45.77,33,900.89,0.293,3533.33,76.97,1,2762.41
1448.27,433.88,4.76,50.3,7,1100.96,0.477,4366.89,66.4,0,1891.66
1461.71,443.62,4.7,56.02,38,1274.48,0.183,5054.75,27.12,1,1193.37
1527.53,428.56,6.9,72.38,21,924.41,0.918,4773.6,75.52,1,943.59
1400.08,441.09,6.63,63.8,8,638.82,0.664,3840.21,33.31,0,2189.59
1499.22,439.67,7.22,50.32,21,1299.91,0.497,5131.57,82.91,0,1116.57
1439.3,437.92,4.84,56.9,20,730.55,0.431,5263.08,40.0,0,952.22
1447.53,438.71,5.3,53.86,8,1078.25,0.38,6053.41,53.36,0,217.98
1483.74,421.18,3.48,52.9,46,992.55,0.107,7205.65,48.04,1,0.0
1393.86,434.51,6.48,69.79,31,952.43,0.153,4454.16,88.71,0,1771.24
1469.12,440.93,3.83,46.28,29,853.91,0.88,6823.22,30.12,0,0.0
1458.32,441.6,5.22,76.09,48,1186.04,0.815,5098.91,65.25,0,732.86
1474.62,429.72,3.9,68.28,9,0.0,0.385,2709.02,31.36,0,3415.73
1464.46,452.66,4.41,70.91,15,1340.94,0.682,7674.91,76.38,1,0.0
1572.77,431.34,4.16,55.37,30,726.25,0.601,8408.8,92.41,0,0.0
1418.11,449.69,4.39,58.5,26,1122.39,0.625,5928.64,54.77,2,0.0
1423.45,444.27,4.46,45.67,10,1106.51,0.215,5134.68,59.05,2,1101.16
1418.84,433.54,4.45,54.75,29,1382.49,0.138,4592.89,94.19,0,1790.39
1422.23,457.75,5.83,64.94,16,1059.32,0.737,4304.08,61.68,0,1678.3
1418.13,428.06,3.9,72.96,36,751.27,0.104,6816.05,59.01,1,0.0
1509.45,449.19,5.22,48.93,20,518.57,0.47,4974.09,66.27,0,1301.44
1521.03,450.01,6.22,56.34,45,895.36,0.426,7510.91,75.14,0,0.0
1421.46,433.29,4.49,58.49,37,412.55,0.408,5052.29,28.55,0,1158.85
1408.38,453.92,4.28,46.04,22,811.45,0.563,4381.48,85.69,0,1876.65
1473.57,437.5,4.77,65.91,7,912.21,0.364,4098.05,54.84,1,1960.58
1422.39,442.89,6.18,52.76,23,793.03,0.579,3884.43,25.79,0,2298.4
1481.65,442.6,5.19,58.05,41,1012.53,0.528,5771.22,82.89,0,384.2
1460.15,438.66,4.47,55.48,40,929.17,0.92,3058.26,50.16,2,2727.06
1374.21,448.11,5.48,52.11,29,901.69,0.223,3772.49,28.03,1,2494.98
1527.38,447.93,3.9,59.93,16,272.75,0.506,6986.72,70.7,0,0.0
1539.79,422.51,5.68,57.84,38,611.59,0.586,3568.18,90.41,1,2460.25
1419.36,453.04,5.41,56.28,28,1192.8,0.449,6294.06,91.02,0,0.0
1430.61,423.38,4.69,52.72,48,1241.28,0.233,1905.48,96.61,1,4351.07
1464.29,450.33,4.16,63.2,38,448.37,0.751,7175.13,89.42,0,0.0
1466.72,451.27,4.11,76.54,31,755.58,0.567,3094.65,20.17,0,2856.29
1482.93,429.09,5.53,61.4,14,1321.59,0.247,3685.41,50.42,1,2477.29
1550.51,435.89,6.23,69.96,33,784.59,0.588,6020.51,85.48,0,0.0
1441.15,428.94,4.36,46.1,9,966.55,0.84,5405.61,49.3,2,513.25
1410.09,437.85,5.46,61.58,27,1432.54,0.493,6342.48,68.12,0,0.0
1381.03,436.92,2.91,49.03,24,891.53,0.5,3082.61,68.51,2,2977.35
1413.45,447.8,4.42,45.23,13,848.58,0.814,4569.79,49.2,2,1371.1
1448.34,453.1,4.97,52.61,26,952.89,0.306,4074.38,92.36,0,2246.59
1539.73,453.96,4.09,71.92,29,1556.02,0.846,3334.72,60.26,1,2423.34
1424.12,434.38,4.06,69.5,49,1133.86,0.695,5893.85,57.18,0,63.86
1461.19,437.91,4.33,62.43,43,1005.72,0.315,6414.58,99.8,2,0.0
1449.18,423.17,5.29,44.67,28,842.69,0.366,4494.7,59.48,0,1875.4
1509.42,431.94,4.81,58.04,28,1161.65,0.395,7284.07,34.27,1,0.0
1576.35,449.65,2.76,63.02,8,1197.91,0.133,3821.45,61.05,0,2481.74
1423.46,456.16,2.88,61.76,23,678.05,0.552,7247.7,85.12,0,0.0
1425.53,427.66,4.39,41.56,29,1205.99,0.324,5843.36,82.15,0,578.92
1502.21,434.08,5.46,51.1,5,954.65,0.559,3164.65,83.09,0,3044.73
1484.09,439.74,2.25,59.36,42,1007.44,0.242,7972.29,76.64,1,0.0
1542.34,442.8,4.5,65.36,7,734.71,0.685,4333.28,40.34,0,1670.79
1479.2,431.9,4.47,38.04,42,880.01,0.648,6807.68,88.97,0,0.0
1432.04,444.24,6.39,58.38,36,690.96,0.359,5218.47,91.48,0,1018.33
1479.53,435.26,4.61,61.43,41,676.53,0.572,5561.66,35.53,0,538.07
1505.44,439.86,5.38,68.5,27,1113.13,0.517,6351.81,30.44,0,0.0
1491.02,445.46,5.14,66.93,46,893.47,0.796,6268.78,98.05,1,0.0
1475.36,440.06,2.87,65.83,2,610.11,0.294,4486.78,89.47,2,1508.21
1503.33,435.64,5.77,52.0,25,1653.12,0.47,5797.5,91.46,0,447.73
1508.46,438.9,5.22,40.92,9,662.6,0.372,5684.9,90.91,0,719.97
1519.11,439.12,5.51,56.07,27,1327.63,0.509,5320.34,63.33,0,864.48
1482.44,436.3,8.93,70.02,1,557.06,0.607,4695.03,71.71,0,1301.48
1441.64,437.41,2.92,73.93,23,1136.95,0.37,5317.35,63.63,0,758.49
1457.34,455.99,6.72,67.11,10,924.83,0.427,7951.31,24.1,1,0.0
1510.33,445.61,4.71,64.29,42,811.28,0.693,4557.46,79.64,0,1453.0
1409.15,437.05,5.29,63.8,25,1059.02,0.771,6809.88,60.43,1,0.0
1468.43,446.97,4.95,54.44,3,1018.68,0.599,4070.55,71.82,0,2085.71
1430.33,436.66,4.58,58.7,6,756.26,0.472,3678.03,60.21,0,2498.77
1451.44,451.73,4.43,76.69,6,742.68,0.453,9914.6,59.34,0,0.0
1513.92,443.7,5.33,50.57,2,527.83,0.61,5810.04,33.74,0,379.41
1459.55,438.93,3.48,76.15,18,1091.67,0.546,5851.27,42.3,0,114.48
1452.32,444.48,5.75,56.78,23,623.86,0.17,5892.84,32.71,1,354.26
1382.01,424.29,4.58,73.25,2,1001.19,0.614,7110.95,35.65,0,0.0
1487.31,428.73,3.87,45.93,12,1177.74,0.328,5611.72,97.84,1,665.02
1482.27,428.06,4.55,65.86,22,1062.42,0.217,6224.33,32.25,0,8.77
1558.16,441.43,6.26,52.63,37,783.06,0.166,3412.15,41.54,0,2978.36
1434.61,457.33,4.46,45.85,20,1272.64,0.457,6475.89,67.25,0,0.0
1460.96,462.31,5.36,62.19,39,877.61,0.297,4644.86,68.81,0,1584.94
1462.47,446.38,4.27,70.09,24,599.75,0.035,6007.61,32.32,0,274.08
1528.87,445.01,5.76,51.55,48,914.88,0.428,2427.32,83.5,0,3843.02
1445.24,421.99,5.69,45.01,20,1176.04,0.402,5945.27,82.82,0,403.69
1463.95,434.57,6.85,59.08,1,797.68,0.47,1637.16,38.99,0,4537.02
1480.39,432.12,4.82,59.13,1,1263.45,0.374,4586.13,43.09,0,1635.51
1459.33,433.79,5.67,65.48,17,768.9,0.866,2441.67,95.04,0,3470.56
1427.68,438.32,5.1,69.5,1,809.74,0.603,5949.56,86.05,0,53.75
1459.7,435.28,6.3,59.41,45,686.18,0.4,5103.9,75.82,2,902.0
1503.68,420.21,4.28,78.56,30,1205.11,0.487,3843.82,26.58,0,2126.99
1398.67,447.48,5.75,62.24,41,984.03,0.783,7151.61,53.46,1,0.0
1456.65,429.27,4.81,56.54,47,706.07,0.691,3655.0,64.74,0,2433.98
1414.99,442.39,4.94,43.88,3,881.14,0.221,453.21,34.99,1,5897.57
1509.75,460.74,5.09,57.37,46,78.65,0.305,5770.45,55.86,0,503.24
1373.84,430.81,5.25,56.64,11,1233.39,0.344,2350.1,68.08,2,3711.72
1422.05,414.7,4.88,69.6,24,948.78,0.412,3702.49,46.19,0,2395.45
1468.86,437.14,5.21,64.62,22,278.13,0.381,4223.98,82.48,1,1839.31
1528.28,451.01,6.58,48.21,44,563.0,0.507,2864.01,87.24,0,3400.53
1446.71,459.58,5.99,61.72,45,873.52,0.647,4259.41,45.89,0,1799.79
1422.24,427.7,5.87,66.72,26,605.75,0.681,2892.08,87.09,0,3100.5
1544.06,444.97,4.54,75.28,13,1238.0,0.435,5243.57,28.29,0,786.3
1377.6,435.35,4.11,68.88,1,1125.57,0.173,3156.88,87.02,0,3067.84
1340.06,438.94,5.96,67.61,24,1107.86,0.292,5045.22,32.22,0,1132.74
1472.0,466.44,5.88,60.6,10,218.7,0.396,6743.01,26.63,0,0.0
1424.9,424.97,6.47,63.88,35,842.36,0.251,6173.56,71.34,2,0.0
1398.94,442.54,4.4,72.5,24,790.72,0.728,4877.43,57.75,0,1033.53
1485.42,444.68,4.77,46.67,28,713.78,0.264,3516.89,92.63,1,2784.34
1462.19,450.86,3.36,56.51,36,875.45,0.623,5238.77,49.06,0,884.47
1421.8,440.98,4.61,52.27,16,662.13,0.164,3956.42,42.97,0,2439.02
1385.98,443.08,6.0,63.79,40,1064.57,0.631,5301.69,60.06,2,544.68
1493.62,436.08,4.53,72.3,16,1229.97,0.472,2427.07,56.48,1,3513.83
1482.51,442.69,5.64,54.03,17,1204.12,0.803,6210.89,47.55,1,0.0
1445.04,436.57,4.81,36.1,15,958.63,0.274,5049.82,75.5,0,1452.36
1542.33,446.22,5.32,55.88,16,1599.77,0.387,8312.78,80.76,0,0.0
1396.5,436.3,3.85,69.13,15,1341.99,0.426,6959.09,88.24,0,0.0
1373.72,443.77,5.09,65.38,34,969.53,0.469,5849.28,97.83,0,262.21
1415.4,439.71,2.01,64.28,11,855.32,0.431,4814.01,41.33,0,1327.77
1447.72,451.26,4.81,57.2,1,1401.41,0.435,3905.59,77.29,1,2205.07
1462.17,439.49,3.37,47.21,15,1302.27,0.431,6413.61,51.54,1,0.0
1437.94,422.27,6.21,65.15,26,576.87,0.086,4655.8,74.17,0,1649.79
1467.6,452.62,5.78,51.66,4,1325.75,0.699,6752.55,58.08,0,0.0
1387.42,430.94,5.47,81.84,43,953.69,1.072,5601.23,99.5,1,0.0
1522.19,433.46,6.52,65.71,5,741.73,0.56,5612.0,78.31,0,451.13
1445.89,434.04,4.05,54.19,35,406.24,0.273,5891.79,96.2,0,429.85
1505.86,453.74,6.75,53.89,13,919.33,0.293,3620.56,86.8,0,2694.03
1467.14,418.64,5.93,59.07,10,996.33,0.623,3466.8,92.23,0,2631.18
1472.84,471.38,4.76,57.6,11,1476.2,0.577,3414.94,85.15,2,2520.47
1478.49,450.56,6.14,71.17,18,1287.17,0.443,6571.25,56.73,0,0.0
1472.39,442.23,3.89,61.86,34,825.13,0.651,3581.42,40.14,0,2474.6
1482.14,439.45,4.18,52.68,39,1116.8,0.087,3768.26,49.63,0,2661.29
1516.46,442.86,4.39,78.9,41,1247.87,0.651,5806.28,21.62,2,0.0
1459.83,445.21,4.47,60.49,42,1025.79,0.548,4621.93,61.92,1,1399.37
1485.45,446.45,3.94,67.69,23,823.85,0.301,4430.31,60.4,0,1742.4
1445.51,445.56,6.22,53.92,7,840.35,0.213,4300.17,62.02,0,2053.99
1522.01,440.9,4.74,63.63,39,1115.64,0.524,1511.55,97.92,0,4590.0
1416.18,438.03,5.35,63.11,3,1123.89,0.781,3549.68,92.92,0,2428.49
1540.05,438.49,4.43,41.1,12,912.11,0.454,6772.34,32.94,0,0.0
1447.99,438.05,3.18,80.15,7,214.25,0.329,4190.9,49.51,0,1842.84
1378.46,451.34,5.27,72.91,49,612.84,0.538,2149.27,53.92,0,3852.54
1456.41,445.94,3.09,56.03,26,1185.91,0.864,3488.01,48.84,0,2519.62
1415.95,410.6,4.93,48.98,33,360.75,0.586,5539.78,83.88,0,677.32
1492.03,446.56,3.63,63.48,37,1355.25,0.608,5510.05,61.92,1,451.25
1417.37,441.95,6.99,60.87,48,1310.85,0.745,4558.58,65.77,0,1460.47
1427.69,439.81,5.91,63.56,15,1012.33,0.595,3966.19,88.24,0,2100.98
1355.52,436.11,5.11,61.92,2,1179.38,0.344,2896.71,84.47,2,3112.23
1427.38,451.24,6.26,65.06,41,1158.63,0.151,5552.28,30.58,0,721.55
1328.81,449.48,4.15,74.47,7,964.94,0.316,6256.81,77.11,1,0.0
1370.8,432.27,5.54,65.68,32,587.83,0.279,6933.32,54.83,0,0.0
1488.02,444.07,5.2,49.5,4,1290.18,0.632,3334.12,43.57,0,2854.92
1489.29,430.28,5.26,73.63,20,1422.17,0.66,7048.28,24.0,1,0.0
1471.27,426.2,6.27,76.41,36,637.42,0.535,4915.08,58.98,0,1053.3
1401.65,433.73,5.73,91.52,32,576.62,0.246,5039.86,48.43,1,821.81
1447.61,448.62,5.29,48.77,28,958.96,0.857,6340.39,40.12,0,0.0
1449.82,449.53,3.35,62.43,13,812.13,0.417,4188.57,75.57,0,1978.76
1392.08,445.13,4.04,39.18,1,1043.48,0.621,1754.3,81.56,0,4543.57
1525.17,447.25,4.88,65.53,35,1362.4,0.51,6057.29,39.58,0,32.46
1493.87,445.16,5.09,54.52,48,326.3,0.542,5522.86,23.96,0,661.1
1438.95,433.59,3.87,79.23,30,1474.38,0.614,4459.58,87.9,0,1441.25
1451.34,444.32,7.41,52.25,36,878.0,0.361,5933.8,20.8,0,363.27
1460.42,448.0,6.52,43.11,25,1153.53,0.761,6240.42,94.97,0,0.0
1347.91,447.54,5.6,55.29,16,1185.62,0.184,2731.99,70.21,1,3523.09
1437.64,451.89,5.07,40.25,19,1220.6,0.292,5033.77,45.75,0,1417.63
1415.9,447.08,4.79,67.51,1,1018.57,0.758,1583.66,39.72,2,4161.99
1399.92,443.51,4.05,39.35,5,1088.67,0.618,4814.46,20.72,0,1483.05
1435.94,450.7,5.08,60.28,22,1086.71,1.008,4440.89,38.84,0,1452.23
1539.88,439.73,5.26,39.22,24,810.92,0.514,5737.86,31.02,1,513.08
1482.04,431.18,3.76,56.8,43,472.58,0.84,3390.42,68.97,0,2621.57
1421.44,438.37,5.33,76.43,45,634.24,0.129,4367.77,33.32,0,1803.64
1478.63,432.55,4.84,63.61,37,968.73,0.217,175.91,62.29,0,6079.37
